HIRAGANA,KANJI,ENGLISH,KANJI MEANINGS,LESSION SECTION,CATAEGORY
おはよう。,,Good morning.,,Genki 1::L00::01 Greetings_0,L1_Greetings
おはよう　ございます。,,Good morning. (polite),,Genki 1::L00::01 Greetings_1,L1_Greetings
こんにちは。,,Good afternoon.,,Genki 1::L00::01 Greetings_2,L1_Greetings
こんばんは。,,Good evening.,,Genki 1::L00::01 Greetings_3,L1_Greetings
さようなら。,,Good-bye.,,Genki 1::L00::01 Greetings_4,L1_Greetings
おやすみ（なさい）。,,Good night.,,Genki 1::L00::01 Greetings_5,L1_Greetings
ありがとう。,,Thank you.,,Genki 1::L00::01 Greetings_6,L1_Greetings
ありがとう　ございます。,,Thank you. (polite),,Genki 1::L00::01 Greetings_7,L1_Greetings
すみません。,,Excuse me.; I'm sorry.,,Genki 1::L00::01 Greetings_8,L1_Greetings
いいえ。,,No.; Not at all.,,Genki 1::L00::01 Greetings_9,L1_Greetings
いってきます。,,I'll go and come back.,,Genki 1::L00::01 Greetings_10,L1_Greetings
いってらっしゃい。,,Please go and come back.,,Genki 1::L00::01 Greetings_11,L1_Greetings
ただいま。,,I'm home.,,Genki 1::L00::01 Greetings_12,L1_Greetings
おかえり（なさい）。,,Welcome home.,,Genki 1::L00::01 Greetings_13,L1_Greetings
いただきます。,,Thank you for the meal. (before eating),,Genki 1::L00::01 Greetings_14,L1_Greetings
ごちそうさま（でした）。,,Thank you for the meal. (after eating),,Genki 1::L00::01 Greetings_15,L1_Greetings
はじめまして。,,How do you do?,,Genki 1::L00::01 Greetings_16,L1_Greetings
〜です。,,I am ...,,Genki 1::L00::01 Greetings_17,L1_Greetings
よろしく　おねがいします。,,Nice to meet you.,,Genki 1::L00::01 Greetings_18,L1_Greetings
ゼロ／れい,,0,,Genki 1::L00::02 Numbers 0-100_0,L1_Numbers
いち,一,1,One,Genki 1::L00::02 Numbers 0-100_1,L1_Numbers
に,二,2,Two,Genki 1::L00::02 Numbers 0-100_2,L1_Numbers
さん,三,3,Three,Genki 1::L00::02 Numbers 0-100_3,L1_Numbers
よん／し／（よ）,四,4,Four,Genki 1::L00::02 Numbers 0-100_4,L1_Numbers
ご,五,5,Five,Genki 1::L00::02 Numbers 0-100_5,L1_Numbers
ろく,六,6,Six,Genki 1::L00::02 Numbers 0-100_6,L1_Numbers
なな／しち,七,7,Seven,Genki 1::L00::02 Numbers 0-100_7,L1_Numbers
はち,八,8,Eight,Genki 1::L00::02 Numbers 0-100_8,L1_Numbers
きゅう／く,九,9,Nine,Genki 1::L00::02 Numbers 0-100_9,L1_Numbers
じゅう,十,10,Ten,Genki 1::L00::02 Numbers 0-100_10,L1_Numbers
じゅういち,十一,11,Ten - One,Genki 1::L00::02 Numbers 0-100_11,L1_Numbers
じゅうに,十二,12,Ten - Two,Genki 1::L00::02 Numbers 0-100_12,L1_Numbers
じゅうさん,十三,13,Ten - Three,Genki 1::L00::02 Numbers 0-100_13,L1_Numbers
じゅうよん／じゅうし,十四,14,Ten - Four,Genki 1::L00::02 Numbers 0-100_14,L1_Numbers
じゅうご,十五,15,Ten - Five,Genki 1::L00::02 Numbers 0-100_15,L1_Numbers
じゅうろく,十六,16,Ten - Six,Genki 1::L00::02 Numbers 0-100_16,L1_Numbers
じゅうなな／じゅうしち,十七,17,Ten - Seven,Genki 1::L00::02 Numbers 0-100_17,L1_Numbers
じゅうはち,十八,18,Ten - Eight,Genki 1::L00::02 Numbers 0-100_18,L1_Numbers
じゅうきゅう／じゅうく,十九,19,Ten - Nine,Genki 1::L00::02 Numbers 0-100_19,L1_Numbers
にじゅう,二十,20,Two - Ten,Genki 1::L00::02 Numbers 0-100_20,L1_Numbers
さんじゅう,三十,30,Three - Ten,Genki 1::L00::02 Numbers 0-100_21,L1_Numbers
よんじゅう,四十,40,Four - Ten,Genki 1::L00::02 Numbers 0-100_22,L1_Numbers
ごじゅう,五十,50,Five - Ten,Genki 1::L00::02 Numbers 0-100_23,L1_Numbers
ろくじゅう,六十,60,Six - Ten,Genki 1::L00::02 Numbers 0-100_24,L1_Numbers
ななじゅう,七十,70,Seven - Ten,Genki 1::L00::02 Numbers 0-100_25,L1_Numbers
はちじゅう,八十,80,Eight - Ten,Genki 1::L00::02 Numbers 0-100_26,L1_Numbers
きゅうじゅう,九十,90,Nine - Ten,Genki 1::L00::02 Numbers 0-100_27,L1_Numbers
ひゃく,百,100,Hundred,Genki 1::L00::02 Numbers 0-100_28,L1_Numbers
だいがく,大学,college; university,Big - Study,Genki 1::L01::01 Vocabulary_0,School
こうこう,高校,high school,Tall - School,Genki 1::L01::01 Vocabulary_1,School
がくせい,学生,student,Study - Life,Genki 1::L01::01 Vocabulary_2,School
だいがくせい,大学生,college student,Big - Study - Life,Genki 1::L01::01 Vocabulary_3,School
りゅうがくせい,留学生,international student,Detain - Study - Life,Genki 1::L01::01 Vocabulary_4,School
せんせい,先生,teacher; Professor ...,Previous - Life,Genki 1::L01::01 Vocabulary_5,School
〜ねんせい,〜年生,... year student,〜 - Year - Life,Genki 1::L01::01 Vocabulary_6,School
いちねんせい,一年生,first-year student,One - Year - Life,Genki 1::L01::01 Vocabulary_7,School
せんこう,,major,,Genki 1::L01::01 Vocabulary_8,School
わたし,私,I,I,Genki 1::L01::01 Vocabulary_9,Person
ともだち,友達,friend,Friend - Attain,Genki 1::L01::01 Vocabulary_10,Person
〜さん,,Mr./Ms. ...,,Genki 1::L01::01 Vocabulary_11,Person
〜じん,人,... people,Person,Genki 1::L01::01 Vocabulary_12,Person
にほんじん,,Japanese people,,Genki 1::L01::01 Vocabulary_13,Person
いま,今,now,Now,Genki 1::L01::01 Vocabulary_14,Time
ごぜん,午前,A.M.,Noon - Front,Genki 1::L01::01 Vocabulary_15,Time
ごご,午後,P.M.,Noon - Behind,Genki 1::L01::01 Vocabulary_16,Time
〜じ,時,o'clock,Time,Genki 1::L01::01 Vocabulary_17,Time
いちじ,,1 o'clock,,Genki 1::L01::01 Vocabulary_18,Time
はん,半,half,Half,Genki 1::L01::01 Vocabulary_19,Time
にじはん,,half past two,,Genki 1::L01::01 Vocabulary_20,Time
にほん,日本,Japan,Sun - Book,Genki 1::L01::01 Vocabulary_21,Others
アメリカ,,U.S.A.,,Genki 1::L01::01 Vocabulary_22,Others
〜ご,語,... language,Language,Genki 1::L01::01 Vocabulary_23,Others
にほんご,,Japanese language,,Genki 1::L01::01 Vocabulary_24,Others
〜さい,歳,... years old,Years Old,Genki 1::L01::01 Vocabulary_25,Others
でんわ,電話,telephone,Electricity - Talk,Genki 1::L01::01 Vocabulary_26,Others
〜ばん,,number ...,,Genki 1::L01::01 Vocabulary_27,Others
ばんごう,番号,number,Number In A Series - Number,Genki 1::L01::01 Vocabulary_28,Others
なまえ,名前,name,Name - Front,Genki 1::L01::01 Vocabulary_29,Others
なん／なに,,what,,Genki 1::L01::01 Vocabulary_30,Others
あのう,,um ...,,Genki 1::L01::01 Vocabulary_31,Expressions
はい,,yes,,Genki 1::L01::01 Vocabulary_32,Expressions
そうです,,That's right.,,Genki 1::L01::01 Vocabulary_33,Expressions
そうですか。,,I see.,,Genki 1::L01::01 Vocabulary_34,Expressions
そうですか？,,Is that so?,,Genki 1::L01::01 Vocabulary_35,Expressions
イギリス,,Britain,,Genki 1::L01::02 Additional Vocabulary_0,Countries
オーストラリア,,Australia,,Genki 1::L01::02 Additional Vocabulary_1,Countries
かんこく,韓国,Korea,Korea - Country,Genki 1::L01::02 Additional Vocabulary_2,Countries
カナダ,,Canada,,Genki 1::L01::02 Additional Vocabulary_3,Countries
ちゅうごく,中国,China,Middle - Country,Genki 1::L01::02 Additional Vocabulary_4,Countries
インド,,India,,Genki 1::L01::02 Additional Vocabulary_5,Countries
エジプト,,Egypt,,Genki 1::L01::02 Additional Vocabulary_6,Countries
フィリピン,,Philippines,,Genki 1::L01::02 Additional Vocabulary_7,Countries
アジアけんきゅう,アジア研究,Asian studies,アジア - Sharpen - Research,Genki 1::L01::02 Additional Vocabulary_8,Majors
けいざい,,economics,,Genki 1::L01::02 Additional Vocabulary_9,Majors
こうがく,,engineering,,Genki 1::L01::02 Additional Vocabulary_10,Majors
こくさいかんけい,国際関係,international relations,Country - Occasion - Related - Connection,Genki 1::L01::02 Additional Vocabulary_11,Majors
コンピューター,,computer,,Genki 1::L01::02 Additional Vocabulary_12,Majors
せいじ,政治,politics,Politics - Cure,Genki 1::L01::02 Additional Vocabulary_13,Majors
せいぶつがく,,biology,,Genki 1::L01::02 Additional Vocabulary_14,Majors
ビジネス,,business,,Genki 1::L01::02 Additional Vocabulary_15,Majors
ぶんがく,文学,literature,Writing - Study,Genki 1::L01::02 Additional Vocabulary_16,Majors
れきし,歴史,history,Continuation - History,Genki 1::L01::02 Additional Vocabulary_17,Majors
いしゃ,医者,doctor,Medicine - Someone,Genki 1::L01::02 Additional Vocabulary_18,Occupations
かいしゃいん,会社員,office worker,Meet - Company - Member,Genki 1::L01::02 Additional Vocabulary_19,Occupations
かんごし,看護師,nurse,Watch Over - Defend - Teacher,Genki 1::L01::02 Additional Vocabulary_20,Occupations
こうこうせい,高校生,high school student,Tall - School - Life,Genki 1::L01::02 Additional Vocabulary_21,Occupations
しゅふ,主婦,housewife,Master - Wife,Genki 1::L01::02 Additional Vocabulary_22,Occupations
だいがくいんせい,大学院生,graduate student,Big - Study - Institution - Life,Genki 1::L01::02 Additional Vocabulary_23,Occupations
べんごし,弁護士,lawyer,Dialect - Defend - Samurai,Genki 1::L01::02 Additional Vocabulary_24,Occupations
おかあさん,お母さん,mother,お - Mother - さん,Genki 1::L01::02 Additional Vocabulary_25,Family
おとうさん,お父さん,father,お - Father - さん,Genki 1::L01::02 Additional Vocabulary_26,Family
おねえさん,お姉さん,older sister,お - Older Sister - さん,Genki 1::L01::02 Additional Vocabulary_27,Family
おにいさん,お兄さん,older brother,お - Older Brother - さん,Genki 1::L01::02 Additional Vocabulary_28,Family
いもうと,妹,younger sister,Younger Sister,Genki 1::L01::02 Additional Vocabulary_29,Family
おとうと,弟,younger brother,Younger Brother,Genki 1::L01::02 Additional Vocabulary_30,Family
いちねんせい,一年生,first-year student,One - Year - Life,Genki 1::L01::03 Year Student_0,year_student
にねんせい,二年生,second-year student,Two - Year - Life,Genki 1::L01::03 Year Student_1,year_student
さんねんせい,三年生,third-year student,Three - Year - Life,Genki 1::L01::03 Year Student_2,year_student
よねんせい*,四年生,fourth-year student,Four - Year - Life,Genki 1::L01::03 Year Student_3,year_student
ごねんせい,五年生,fifth-year student,Five - Year - Life,Genki 1::L01::03 Year Student_4,year_student
ろくねんせい,六年生,sixth-year student,Six - Year - Life,Genki 1::L01::03 Year Student_5,year_student
〜ねんせい,〜年生,... year student,〜 - Year - Life,Genki 1::L01::03 Year Student_6,year_student
いっさい*,一才,one year old,One - Genius,Genki 1::L01::04 Years Old_0,years_old
にさい,二才,two years old,Two - Genius,Genki 1::L01::04 Years Old_1,years_old
さんさい,三才,three years old,Three - Genius,Genki 1::L01::04 Years Old_2,years_old
よんさい,四才,four years old,Four - Genius,Genki 1::L01::04 Years Old_3,years_old
ごさい,五才,five years old,Five - Genius,Genki 1::L01::04 Years Old_4,years_old
ろくさい,六才,six years old,Six - Genius,Genki 1::L01::04 Years Old_5,years_old
ななさい,七才,seven years old,Seven - Genius,Genki 1::L01::04 Years Old_6,years_old
はっさい*,八才,eight years old,Eight - Genius,Genki 1::L01::04 Years Old_7,years_old
きゅうさい,九才,nine years old,Nine - Genius,Genki 1::L01::04 Years Old_8,years_old
じゅっさい*,十才,ten years old,Ten - Genius,Genki 1::L01::04 Years Old_9,years_old
じゅういっさい,十一才,eleven years old,Ten - One - Genius,Genki 1::L01::04 Years Old_10,years_old
はたち*,二十才,20 years old,Two - Ten - Genius,Genki 1::L01::04 Years Old_11,years_old
にじゅういっさい,二十一才,21 years old,Two - Ten - One - Genius,Genki 1::L01::04 Years Old_12,years_old
さんじゅうごさい,三十五才,35 years old,Three - Ten - Five - Genius,Genki 1::L01::04 Years Old_13,years_old
よんじゅっさい,四十才,40 years old,Four - Ten - Genius,Genki 1::L01::04 Years Old_14,years_old
〜さい,〜才,... years old,〜 - Genius,Genki 1::L01::04 Years Old_15,years_old
いちじ,一時,1 o'clock,One - Time,Genki 1::L01::05 Hours_0,Hours
にじ,二時,2 o'clock,Two - Time,Genki 1::L01::05 Hours_1,Hours
さんじ,三時,3 o'clock,Three - Time,Genki 1::L01::05 Hours_2,Hours
よじ*,四時,4 o'clock,Four - Time,Genki 1::L01::05 Hours_3,Hours
ごじ,五時,5 o'clock,Five - Time,Genki 1::L01::05 Hours_4,Hours
ろくじ,六時,6 o'clock,Six - Time,Genki 1::L01::05 Hours_5,Hours
しちじ*,七時,7 o'clock,Seven - Time,Genki 1::L01::05 Hours_6,Hours
はちじ,八時,8 o'clock,Eight - Time,Genki 1::L01::05 Hours_7,Hours
くじ*,九時,9 o'clock,Nine - Time,Genki 1::L01::05 Hours_8,Hours
じゅうじ,十時,10 o'clock,Ten - Time,Genki 1::L01::05 Hours_9,Hours
じゅういちじ,十一時,11 o'clock,Ten - One - Time,Genki 1::L01::05 Hours_10,Hours
じゅうにじ,十二時,12 o'clock,Ten - Two - Time,Genki 1::L01::05 Hours_11,Hours
いちじはん,一時半,1:30,One - Time - Half,Genki 1::L01::05 Hours_12,Hours
いっぷん*,一分,1 minute,One - Part,Genki 1::L01::06 Minutes_0,Minutes
にふん,二分,2 minutes,Two - Part,Genki 1::L01::06 Minutes_1,Minutes
さんぷん*,三分,3 minutes,Three - Part,Genki 1::L01::06 Minutes_2,Minutes
よんぷん*,四分,4 minutes,Four - Part,Genki 1::L01::06 Minutes_3,Minutes
ごふん,五分,5 minutes,Five - Part,Genki 1::L01::06 Minutes_4,Minutes
ろっぷん*,六分,6 minutes,Six - Part,Genki 1::L01::06 Minutes_5,Minutes
ななふん,七分,7 minutes,Seven - Part,Genki 1::L01::06 Minutes_6,Minutes
はっぷん*,八分,8 minutes,Eight - Part,Genki 1::L01::06 Minutes_7,Minutes
きゅうふん,九分,9 minutes,Nine - Part,Genki 1::L01::06 Minutes_8,Minutes
じゅっぷん*,十分,10 minutes,Ten - Part,Genki 1::L01::06 Minutes_9,Minutes
じゅういっぷん,十一分,11 minutes,Ten - One - Part,Genki 1::L01::06 Minutes_10,Minutes
じゅうにふん,十二分,12 minutes,Ten - Two - Part,Genki 1::L01::06 Minutes_11,Minutes
じゅうさんぷん,十三分,13 minutes,Ten - Three - Part,Genki 1::L01::06 Minutes_12,Minutes
じゅうよんぷん,十四分,14 minutes,Ten - Four - Part,Genki 1::L01::06 Minutes_13,Minutes
じゅうごふん,十五分,15 minutes,Ten - Five - Part,Genki 1::L01::06 Minutes_14,Minutes
じゅうろっぷん,十六分,16 minutes,Ten - Six - Part,Genki 1::L01::06 Minutes_15,Minutes
じゅうななふん,十七分,17 minutes,Ten - Seven - Part,Genki 1::L01::06 Minutes_16,Minutes
じゅうはっぷん,十八分,18 minutes,Ten - Eight - Part,Genki 1::L01::06 Minutes_17,Minutes
じゅうきゅうふん,十九分,19 minutes,Ten - Nine - Part,Genki 1::L01::06 Minutes_18,Minutes
にじゅっぷん,二十分,20 minutes,Two - Ten - Part,Genki 1::L01::06 Minutes_19,Minutes
さんじゅっぷん,三十分,30 minutes,Three - Ten - Part,Genki 1::L01::06 Minutes_20,Minutes
これ,,this one,,Genki 1::L02::01 Vocabulary_0,Words_That_Point
それ,,that one,,Genki 1::L02::01 Vocabulary_1,Words_That_Point
あれ,,that one (over there),,Genki 1::L02::01 Vocabulary_2,Words_That_Point
どれ,,which one,,Genki 1::L02::01 Vocabulary_3,Words_That_Point
この,,this ...,,Genki 1::L02::01 Vocabulary_4,Words_That_Point
その,,that ...,,Genki 1::L02::01 Vocabulary_5,Words_That_Point
あの,,that ... (over there),,Genki 1::L02::01 Vocabulary_6,Words_That_Point
どの,,which ...,,Genki 1::L02::01 Vocabulary_7,Words_That_Point
ここ,,here,,Genki 1::L02::01 Vocabulary_8,Words_That_Point
そこ,,there,,Genki 1::L02::01 Vocabulary_9,Words_That_Point
あそこ,,over there,,Genki 1::L02::01 Vocabulary_10,Words_That_Point
どこ,,where,,Genki 1::L02::01 Vocabulary_11,Words_That_Point
だれ,,who,,Genki 1::L02::01 Vocabulary_12,Words_That_Point
おいしい,,delicious,,Genki 1::L02::01 Vocabulary_13,Food
さかな,魚,fish,Fish,Genki 1::L02::01 Vocabulary_14,Food
とんかつ,,pork cutlet,,Genki 1::L02::01 Vocabulary_15,Food
にく,肉,meat,Meat,Genki 1::L02::01 Vocabulary_16,Food
メニュー,,menu,,Genki 1::L02::01 Vocabulary_17,Food
やさい,野菜,vegetable,Field - Vegetable,Genki 1::L02::01 Vocabulary_18,Food
かさ,傘,umbrella,Umbrella,Genki 1::L02::01 Vocabulary_19,Things
かばん,,bag,,Genki 1::L02::01 Vocabulary_20,Things
くつ,靴,shoes,Shoes,Genki 1::L02::01 Vocabulary_21,Things
さいふ,財布,wallet,Wealth - Cloth,Genki 1::L02::01 Vocabulary_22,Things
ジーンズ,,jeans,,Genki 1::L02::01 Vocabulary_23,Things
じてんしゃ,自転車,bicycle,Self - Revolve - Car,Genki 1::L02::01 Vocabulary_24,Things
しんぶん,新聞,newspaper,New - Hear,Genki 1::L02::01 Vocabulary_25,Things
スマホ,,smartphone; mobile,,Genki 1::L02::01 Vocabulary_26,Things
Tシャツ,,T-shirt,,Genki 1::L02::01 Vocabulary_27,Things
とけい,時計,watch; clock,Time - Measure,Genki 1::L02::01 Vocabulary_28,Things
ノート,,notebook,,Genki 1::L02::01 Vocabulary_29,Things
ペン,,pen,,Genki 1::L02::01 Vocabulary_30,Things
ぼうし,帽子,hat; cap,Hat - Child,Genki 1::L02::01 Vocabulary_31,Things
ほん,本,book,Book,Genki 1::L02::01 Vocabulary_32,Things
ぎんこう,銀行,bank,Silver - Go,Genki 1::L02::01 Vocabulary_33,Places
コンビニ,,convenience store,,Genki 1::L02::01 Vocabulary_34,Places
トイレ,,toilet; restroom,,Genki 1::L02::01 Vocabulary_35,Places
としょかん,図書館,library,Diagram - Write - Public Building,Genki 1::L02::01 Vocabulary_36,Places
ゆうびんきょく,郵便局,post office,Mail - Convenience - Bureau,Genki 1::L02::01 Vocabulary_37,Places
イギリス,,Britain,,Genki 1::L02::01 Vocabulary_38,Countries
かんこく,韓国,Korea,Korea - Country,Genki 1::L02::01 Vocabulary_39,Countries
ちゅうごく,中国,China,Middle - Country,Genki 1::L02::01 Vocabulary_40,Countries
えいご,,English (language),,Genki 1::L02::01 Vocabulary_41,Majors
けいざい,,economics,,Genki 1::L02::01 Vocabulary_42,Majors
コンピューター,,computer,,Genki 1::L02::01 Vocabulary_43,Majors
ビジネス,,business,,Genki 1::L02::01 Vocabulary_44,Majors
れきし,歴史,history,Continuation - History,Genki 1::L02::01 Vocabulary_45,Majors
おかあさん,お母さん,mother,お - Mother - さん,Genki 1::L02::01 Vocabulary_46,Family
おとうさん,お父さん,father,お - Father - さん,Genki 1::L02::01 Vocabulary_47,Family
いくら,,how much,,Genki 1::L02::01 Vocabulary_48,Money_Matters
〜えん,円,... yen,Yen,Genki 1::L02::01 Vocabulary_49,Money_Matters
たかい,高い,expensive; high,Tall - い,Genki 1::L02::01 Vocabulary_50,Money_Matters
いらっしゃいませ,,Welcome (to our store),,Genki 1::L02::01 Vocabulary_51,Expressions
（〜を）おねがいします,,"..., please",,Genki 1::L02::01 Vocabulary_52,Expressions
（〜を）ください,,Please give me ...,,Genki 1::L02::01 Vocabulary_53,Expressions
じゃあ,,"then ...; if that is the case, ...",,Genki 1::L02::01 Vocabulary_54,Expressions
どうぞ,,Please.; Here it is.,,Genki 1::L02::01 Vocabulary_55,Expressions
どうも,,Thank you.,,Genki 1::L02::01 Vocabulary_56,Expressions
ひゃく,百,100,Hundred,Genki 1::L02::02 Numbers 100-90000_0,Numbers
にひゃく,二百,200,Two - Hundred,Genki 1::L02::02 Numbers 100-90000_1,Numbers
さんびゃく*,三百,300,Three - Hundred,Genki 1::L02::02 Numbers 100-90000_2,Numbers
よんひゃく,四百,400,Four - Hundred,Genki 1::L02::02 Numbers 100-90000_3,Numbers
ごひゃく,五百,500,Five - Hundred,Genki 1::L02::02 Numbers 100-90000_4,Numbers
ろっぴゃく*,六百,600,Six - Hundred,Genki 1::L02::02 Numbers 100-90000_5,Numbers
ななひゃく,七百,700,Seven - Hundred,Genki 1::L02::02 Numbers 100-90000_6,Numbers
はっぴゃく*,八百,800,Eight - Hundred,Genki 1::L02::02 Numbers 100-90000_7,Numbers
きゅうひゃく,九百,900,Nine - Hundred,Genki 1::L02::02 Numbers 100-90000_8,Numbers
せん,千,1000,Thousand,Genki 1::L02::02 Numbers 100-90000_9,Numbers
にせん,二千,2000,Two - Thousand,Genki 1::L02::02 Numbers 100-90000_10,Numbers
さんぜん*,三千,3000,Three - Thousand,Genki 1::L02::02 Numbers 100-90000_11,Numbers
よんせん,四千,4000,Four - Thousand,Genki 1::L02::02 Numbers 100-90000_12,Numbers
ごせん,五千,5000,Five - Thousand,Genki 1::L02::02 Numbers 100-90000_13,Numbers
ろくせん,六千,6000,Six - Thousand,Genki 1::L02::02 Numbers 100-90000_14,Numbers
ななせん,七千,7000,Seven - Thousand,Genki 1::L02::02 Numbers 100-90000_15,Numbers
はっせん*,八千,8000,Eight - Thousand,Genki 1::L02::02 Numbers 100-90000_16,Numbers
きゅうせん,九千,9000,Nine - Thousand,Genki 1::L02::02 Numbers 100-90000_17,Numbers
いちまん*,一万,10000,One - Ten Thousand,Genki 1::L02::02 Numbers 100-90000_18,Numbers
にまん,二万,20000,Two - Ten Thousand,Genki 1::L02::02 Numbers 100-90000_19,Numbers
さんまん,三万,30000,Three - Ten Thousand,Genki 1::L02::02 Numbers 100-90000_20,Numbers
よんまん,四万,40000,Four - Ten Thousand,Genki 1::L02::02 Numbers 100-90000_21,Numbers
ごまん,五万,50000,Five - Ten Thousand,Genki 1::L02::02 Numbers 100-90000_22,Numbers
ろくまん,六万,60000,Six - Ten Thousand,Genki 1::L02::02 Numbers 100-90000_23,Numbers
ななまん,七万,70000,Seven - Ten Thousand,Genki 1::L02::02 Numbers 100-90000_24,Numbers
はちまん,八万,80000,Eight - Ten Thousand,Genki 1::L02::02 Numbers 100-90000_25,Numbers
きゅうまん,九万,90000,Nine - Ten Thousand,Genki 1::L02::02 Numbers 100-90000_26,Numbers
ほん,,book,,Genki 1::L02::03 Useful Expressions_0,Useful_Expressions
こくばん,,blackboard,,Genki 1::L02::03 Useful Expressions_1,Useful_Expressions
つくえ,,desk,,Genki 1::L02::03 Useful Expressions_2,Useful_Expressions
けしゴム,,eraser,,Genki 1::L02::03 Useful Expressions_3,Useful_Expressions
じしょ,,dictionary,,Genki 1::L02::03 Useful Expressions_4,Useful_Expressions
えんぴつ,,pencil,,Genki 1::L02::03 Useful Expressions_5,Useful_Expressions
でんき,,electricity; light,,Genki 1::L02::03 Useful Expressions_6,Useful_Expressions
ドア,,door,,Genki 1::L02::03 Useful Expressions_7,Useful_Expressions
カーテン,,curtain,,Genki 1::L02::03 Useful Expressions_8,Useful_Expressions
まど,,window,,Genki 1::L02::03 Useful Expressions_9,Useful_Expressions
いす,,chair,,Genki 1::L02::03 Useful Expressions_10,Useful_Expressions
わかりましたか。,,Do you understand?,,Genki 1::L02::03 Useful Expressions_11,Useful_Expressions
わかりました。,,I do understand./I understood.,,Genki 1::L02::03 Useful Expressions_12,Useful_Expressions
わかりません。,,I don't understand./I don't know.,,Genki 1::L02::03 Useful Expressions_13,Useful_Expressions
ゆっくり　いってください。,,Please say it slowly.,,Genki 1::L02::03 Useful Expressions_14,Useful_Expressions
もういちど　いってください。,,Please say it again.,,Genki 1::L02::03 Useful Expressions_15,Useful_Expressions
ちょっと　まってください。,,Please wait for a while.,,Genki 1::L02::03 Useful Expressions_16,Useful_Expressions
きいてください。,,Please listen./Please ask.,,Genki 1::L02::03 Useful Expressions_17,Useful_Expressions
１０ページを　みてください。,,Please look at page 10.,,Genki 1::L02::03 Useful Expressions_18,Useful_Expressions
えいが,映画,movie,Reflect - Drawing,Genki 1::L03::01 Vocabulary_0,Entertainment_and_Sports Nouns
おんがく,音楽,music,Sound - Comfort,Genki 1::L03::01 Vocabulary_1,Entertainment_and_Sports Nouns
ざっし,雑誌,magazine,Random - Magazine,Genki 1::L03::01 Vocabulary_2,Entertainment_and_Sports Nouns
スポーツ,,sports,,Genki 1::L03::01 Vocabulary_3,Entertainment_and_Sports Nouns
デート,,"date (romantic, not calendar)",,Genki 1::L03::01 Vocabulary_4,Entertainment_and_Sports Nouns
テニス,,tennis,,Genki 1::L03::01 Vocabulary_5,Entertainment_and_Sports Nouns
テレビ,,TV,,Genki 1::L03::01 Vocabulary_6,Entertainment_and_Sports Nouns
アイスクリーム,,ice cream,,Genki 1::L03::01 Vocabulary_7,Foods_and_Drinks Nouns
ハンバーガー,,hamburger,,Genki 1::L03::01 Vocabulary_8,Foods_and_Drinks Nouns
おさけ,お酒,sake; alcoholic drink,お - Alcohol,Genki 1::L03::01 Vocabulary_9,Foods_and_Drinks Nouns
おちゃ,お茶,green tea,お - Tea,Genki 1::L03::01 Vocabulary_10,Foods_and_Drinks Nouns
コーヒー,,coffee,,Genki 1::L03::01 Vocabulary_11,Foods_and_Drinks Nouns
みず,水,water,Water,Genki 1::L03::01 Vocabulary_12,Foods_and_Drinks Nouns
あさごはん,朝ご飯,breakfast,Morning - ご - Meal,Genki 1::L03::01 Vocabulary_13,Foods_and_Drinks Nouns
ひるごはん,昼ご飯,lunch,Noon - ご - Meal,Genki 1::L03::01 Vocabulary_14,Foods_and_Drinks Nouns
ばんごはん,晩ご飯,dinner,Night - ご - Meal,Genki 1::L03::01 Vocabulary_15,Foods_and_Drinks Nouns
いえ,家,home; house,House,Genki 1::L03::01 Vocabulary_16,Nouns Places
うち,,home; house; my place,,Genki 1::L03::01 Vocabulary_17,Nouns Places
がっこう,学校,school,Study - School,Genki 1::L03::01 Vocabulary_18,Nouns Places
カフェ,,cafe,,Genki 1::L03::01 Vocabulary_19,Nouns Places
あした,明日,tomorrow,Bright - Sun,Genki 1::L03::01 Vocabulary_20,Nouns Time
きょう,今日,today,Now - Sun,Genki 1::L03::01 Vocabulary_21,Nouns Time
あさ,朝,morning,Morning,Genki 1::L03::01 Vocabulary_22,Nouns Time
こんばん,今晩,tonight,Now - Night,Genki 1::L03::01 Vocabulary_23,Nouns Time
まいにち,毎日,every day,Every - Sun,Genki 1::L03::01 Vocabulary_24,Nouns Time
まいばん,毎晩,every night,Every - Night,Genki 1::L03::01 Vocabulary_25,Nouns Time
しゅうまつ,週末,weekend,Week - End,Genki 1::L03::01 Vocabulary_26,Nouns Time
どようび,土曜日,Saturday,Dirt - Weekday - Sun,Genki 1::L03::01 Vocabulary_27,Nouns Time
にちようび,日曜日,Sunday,SunWeekday - Sun,Genki 1::L03::01 Vocabulary_28,Nouns Time
いつ,,when,,Genki 1::L03::01 Vocabulary_29,Nouns Time
〜ごろ,,at about ...,,Genki 1::L03::01 Vocabulary_30,Nouns Time
いく,行く,to go (<i>destination</i> に/へ),Go - く,Genki 1::L03::01 Vocabulary_31,U-verbs
かえる,帰る,to go back; to return (<i>destination</i> に/へ),Return - る,Genki 1::L03::01 Vocabulary_32,U-verbs
きく,聞く,to listen; to hear (〜を); to ask (<i>person</i>&nbsp;に),Hear - く,Genki 1::L03::01 Vocabulary_33,U-verbs
のむ,飲む,to drink (〜を),Drink - む,Genki 1::L03::01 Vocabulary_34,U-verbs
はなす,話す,to speak; to talk (<i>language</i> を/で),Talk - す,Genki 1::L03::01 Vocabulary_35,U-verbs
よむ,読む,to read (〜を),Read - む,Genki 1::L03::01 Vocabulary_36,U-verbs
おきる,起きる,to get up,Wake Up - きる,Genki 1::L03::01 Vocabulary_37,Ru-verbs
たべる,食べる,to eat (〜を),Eat - べる,Genki 1::L03::01 Vocabulary_38,Ru-verbs
ねる,寝る,to sleep; to go to sleep,Lie Down - る,Genki 1::L03::01 Vocabulary_39,Ru-verbs
みる,見る,to see; to look at; to watch (〜を),See - る,Genki 1::L03::01 Vocabulary_40,Ru-verbs
くる,来る,to come (<i>destination</i> に/へ),Come - る,Genki 1::L03::01 Vocabulary_41,Irregular_Verbs
する,,to do (〜を),,Genki 1::L03::01 Vocabulary_42,Irregular_Verbs
べんきょうする,勉強する,to study (〜を),Exertion - Strong - する,Genki 1::L03::01 Vocabulary_43,Irregular_Verbs
いい,,good,,Genki 1::L03::01 Vocabulary_44,Adjectives
はやい,早い,early,Early - い,Genki 1::L03::01 Vocabulary_45,Adjectives
あまり + negative,,not much,,Genki 1::L03::01 Vocabulary_46,Adverbs
ぜんぜん + negative,全然,not at all,All - Nature,Genki 1::L03::01 Vocabulary_47,Adverbs
たいてい,,usually,,Genki 1::L03::01 Vocabulary_48,Adverbs
ちょっと,,a little,,Genki 1::L03::01 Vocabulary_49,Adverbs
ときどき,時々,sometimes,Time - 々,Genki 1::L03::01 Vocabulary_50,Adverbs
よく,,often; much,,Genki 1::L03::01 Vocabulary_51,Adverbs
そうですね,,That's right.; Let me see.,,Genki 1::L03::01 Vocabulary_52,Expressions
でも,,but,,Genki 1::L03::01 Vocabulary_53,Expressions
どうですか,,How about ...?; How is ...?,,Genki 1::L03::01 Vocabulary_54,Expressions
ええ,,yes,,Genki 1::L03::01 Vocabulary_55,Expressions
ゲーム,,game,,Genki 1::L04::01 Vocabulary_0,Activities Nouns
アルバイト,,"part-time job (more colloquially, バイト)",,Genki 1::L04::01 Vocabulary_1,Activities Nouns
かいもの,買い物,shopping,Buy - い - Thing,Genki 1::L04::01 Vocabulary_2,Activities Nouns
クラス,,class,,Genki 1::L04::01 Vocabulary_3,Activities Nouns
いぬ,犬,dog,Dog,Genki 1::L04::01 Vocabulary_4,Nouns People_and_Things
ねこ,猫,cat,Cat,Genki 1::L04::01 Vocabulary_5,Nouns People_and_Things
ひと,人,person,Person,Genki 1::L04::01 Vocabulary_6,Nouns People_and_Things
こども,子供,child,Child - Servant,Genki 1::L04::01 Vocabulary_7,Nouns People_and_Things
あなた,,you,,Genki 1::L04::01 Vocabulary_8,Nouns People_and_Things
いす,,chair,,Genki 1::L04::01 Vocabulary_9,Nouns People_and_Things
つくえ,机,desk,Desk,Genki 1::L04::01 Vocabulary_10,Nouns People_and_Things
しゃしん,写真,picture; photograph,Copy - Reality,Genki 1::L04::01 Vocabulary_11,Nouns People_and_Things
はな,花,flower,Flower,Genki 1::L04::01 Vocabulary_12,Nouns People_and_Things
レポート,,(term) paper,,Genki 1::L04::01 Vocabulary_13,Nouns People_and_Things
ごはん,ご飯,rice; meal,ご - Meal,Genki 1::L04::01 Vocabulary_14,Nouns People_and_Things
パン,,bread,,Genki 1::L04::01 Vocabulary_15,Nouns People_and_Things
おてら,お寺,temple,お - Temple,Genki 1::L04::01 Vocabulary_16,Nouns Places
こうえん,公園,park,Public - Garden,Genki 1::L04::01 Vocabulary_17,Nouns Places
スーパー,,supermarket,,Genki 1::L04::01 Vocabulary_18,Nouns Places
バスてい,バス停,bus stop,バス - Halt,Genki 1::L04::01 Vocabulary_19,Nouns Places
びょういん,病院,hospital,Sick - Institution,Genki 1::L04::01 Vocabulary_20,Nouns Places
ホテル,,hotel,,Genki 1::L04::01 Vocabulary_21,Nouns Places
ほんや,本屋,bookstore,Book - Roof,Genki 1::L04::01 Vocabulary_22,Nouns Places
まち,町,town; city,Town,Genki 1::L04::01 Vocabulary_23,Nouns Places
レストラン,,restaurant,,Genki 1::L04::01 Vocabulary_24,Nouns Places
きのう,昨日,yesterday,Previous - Sun,Genki 1::L04::01 Vocabulary_25,Nouns Time
〜じかん,〜時間,... hours,〜 - Time - Interval,Genki 1::L04::01 Vocabulary_26,Nouns Time
いちじかん,一時間,one hour,One - Time - Interval,Genki 1::L04::01 Vocabulary_27,Nouns Time
せんしゅう,先週,last week,Previous - Week,Genki 1::L04::01 Vocabulary_28,Nouns Time
とき,時,when ...; at the time of ... (〜の),Time,Genki 1::L04::01 Vocabulary_29,Nouns Time
げつようび,月曜日,Monday,Moon - Weekday - Sun,Genki 1::L04::01 Vocabulary_30,Nouns Time
かようび,火曜日,Tuesday,Fire - Weekday - Sun,Genki 1::L04::01 Vocabulary_31,Nouns Time
すいようび,水曜日,Wednesday,Water - Weekday - Sun,Genki 1::L04::01 Vocabulary_32,Nouns Time
もくようび,木曜日,Thursday,Tree - Weekday - Sun,Genki 1::L04::01 Vocabulary_33,Nouns Time
きんようび,金曜日,Friday,Gold - Weekday - Sun,Genki 1::L04::01 Vocabulary_34,Nouns Time
あう,会う,to meet; to see (a person) (<i>person</i>&nbsp;に),Meet - う,Genki 1::L04::01 Vocabulary_35,U-verbs
ある,,there is ... (<i>place</i>&nbsp;に <i>thing</i>&nbsp;が),,Genki 1::L04::01 Vocabulary_36,U-verbs
かう,買う,to buy (〜を),Buy - う,Genki 1::L04::01 Vocabulary_37,U-verbs
かく,書く,to write (<i>person</i>&nbsp;に <i>thing</i>&nbsp;を),Write - く,Genki 1::L04::01 Vocabulary_38,U-verbs
とる,撮る,to take (a picture) (〜を),Photograph - る,Genki 1::L04::01 Vocabulary_39,U-verbs
まつ,待つ,to wait (〜を),Wait - つ,Genki 1::L04::01 Vocabulary_40,U-verbs
わかる,,to understand (〜が),,Genki 1::L04::01 Vocabulary_41,U-verbs
いる,,(a person) is in ...; stays at ... (<i>place </i>に <i>person</i>&nbsp;が),,Genki 1::L04::01 Vocabulary_42,Ru-verbs
〜ぐらい,,about (approximate measurement),,Genki 1::L04::01 Vocabulary_43,Adverbs_and_Other_Expressions
ごめんなさい,,I'm sorry.,,Genki 1::L04::01 Vocabulary_44,Adverbs_and_Other_Expressions
それから,,and then,,Genki 1::L04::01 Vocabulary_45,Adverbs_and_Other_Expressions
だから,,so; therefore,,Genki 1::L04::01 Vocabulary_46,Adverbs_and_Other_Expressions
たくさん,,many; a lot,,Genki 1::L04::01 Vocabulary_47,Adverbs_and_Other_Expressions
〜と,,together with (a person); and,,Genki 1::L04::01 Vocabulary_48,Adverbs_and_Other_Expressions
どうして,,why,,Genki 1::L04::01 Vocabulary_49,Adverbs_and_Other_Expressions
ひとりで,一人で,alone,One - Person - で,Genki 1::L04::01 Vocabulary_50,Adverbs_and_Other_Expressions
もしもし,,Hello? (used on the phone),,Genki 1::L04::01 Vocabulary_51,Adverbs_and_Other_Expressions
みぎ,右,right (〜の),Right,Genki 1::L04::01 Vocabulary_52,Location_Words
ひだり,左,left (〜の),Left,Genki 1::L04::01 Vocabulary_53,Location_Words
まえ,前,front (〜の),Front,Genki 1::L04::01 Vocabulary_54,Location_Words
うしろ,後ろ,back (〜の),Behind - ろ,Genki 1::L04::01 Vocabulary_55,Location_Words
なか,中,inside (〜の),Middle,Genki 1::L04::01 Vocabulary_56,Location_Words
うえ,上,on (〜の),Above,Genki 1::L04::01 Vocabulary_57,Location_Words
した,下,under (〜の),Below,Genki 1::L04::01 Vocabulary_58,Location_Words
ちかく,近く,near; nearby (〜の),Near - く,Genki 1::L04::01 Vocabulary_59,Location_Words
となり,隣,next (〜の),Neighbor,Genki 1::L04::01 Vocabulary_60,Location_Words
あいだ,間,between (AとBの),Interval,Genki 1::L04::01 Vocabulary_61,Location_Words
げつようび,月曜日,Monday,Moon - Weekday - Sun,Genki 1::L04::02 Days Week_0,weekdays
かようび,火曜日,Tuesday,Fire - Weekday - Sun,Genki 1::L04::02 Days Week_1,weekdays
すいようび,水曜日,Wednesday,Water - Weekday - Sun,Genki 1::L04::02 Days Week_2,weekdays
もくようび,木曜日,Thursday,Tree - Weekday - Sun,Genki 1::L04::02 Days Week_3,weekdays
きんようび,金曜日,Friday,Gold - Weekday - Sun,Genki 1::L04::02 Days Week_4,weekdays
どようび,土曜日,Saturday,Dirt - Weekday - Sun,Genki 1::L04::02 Days Week_5,weekdays
にちようび,日曜日,Sunday,SunWeekday - Sun,Genki 1::L04::02 Days Week_6,weekdays
ついたち*,一日,day 1,One - Sun,Genki 1::L04::03 Days Month_0,Useful_Expressions
ふつか*,二日,day 2,Two - Sun,Genki 1::L04::03 Days Month_1,Useful_Expressions
みっか*,三日,day 3,Three - Sun,Genki 1::L04::03 Days Month_2,Useful_Expressions
よっか*,四日,day 4,Four - Sun,Genki 1::L04::03 Days Month_3,Useful_Expressions
いつか*,五日,day 5,Five - Sun,Genki 1::L04::03 Days Month_4,Useful_Expressions
むいか*,六日,day 6,Six - Sun,Genki 1::L04::03 Days Month_5,Useful_Expressions
なのか*,七日,day 7,Seven - Sun,Genki 1::L04::03 Days Month_6,Useful_Expressions
ようか*,八日,day 8,Eight - Sun,Genki 1::L04::03 Days Month_7,Useful_Expressions
ここのか*,九日,day 9,Nine - Sun,Genki 1::L04::03 Days Month_8,Useful_Expressions
とおか*,十日,day 10,Ten - Sun,Genki 1::L04::03 Days Month_9,Useful_Expressions
じゅういちにち,十一日,day 11,Ten - One - Sun,Genki 1::L04::03 Days Month_10,Useful_Expressions
じゅうににち,十二日,day 12,Ten - Two - Sun,Genki 1::L04::03 Days Month_11,Useful_Expressions
じゅうさんにち,十三日,day 13,Ten - Three - Sun,Genki 1::L04::03 Days Month_12,Useful_Expressions
じゅうよっか*,十四日,day 14,Ten - Four - Sun,Genki 1::L04::03 Days Month_13,Useful_Expressions
じゅうごにち,十五日,day 15,Ten - Five - Sun,Genki 1::L04::03 Days Month_14,Useful_Expressions
〜にち,〜日,day ...,〜 - Sun,Genki 1::L04::03 Days Month_15,Useful_Expressions
はつか*,二十日・廿日,day 20,Two - Ten - Sun・廿 - Sun,Genki 1::L04::03 Days Month_16,Useful_Expressions
にじゅうよっか*,二十四日,day 24,Two - Ten - Four - Sun,Genki 1::L04::03 Days Month_17,Useful_Expressions
いちがつ,一月,January,One - Moon,Genki 1::L04::04 Months_0,Months
にがつ,二月,February,Two - Moon,Genki 1::L04::04 Months_1,Months
さんがつ,三月,March,Three - Moon,Genki 1::L04::04 Months_2,Months
しがつ*,四月,April,Four - Moon,Genki 1::L04::04 Months_3,Months
ごがつ,五月,May,Five - Moon,Genki 1::L04::04 Months_4,Months
ろくがつ,六月,June,Six - Moon,Genki 1::L04::04 Months_5,Months
しちがつ*,七月,July,Seven - Moon,Genki 1::L04::04 Months_6,Months
はちがつ,八月,August,Eight - Moon,Genki 1::L04::04 Months_7,Months
くがつ*,九月,September,Nine - Moon,Genki 1::L04::04 Months_8,Months
じゅうがつ,十月,October,Ten - Moon,Genki 1::L04::04 Months_9,Months
じゅういちがつ,十一月,November,Ten - One - Moon,Genki 1::L04::04 Months_10,Months
じゅうにがつ,十二月,December,Ten - Two - Moon,Genki 1::L04::04 Months_11,Months
おととい,,the day before yesterday,,Genki 1::L04::05 Time Words_0,Useful_Expressions
きのう,,yesterday,,Genki 1::L04::05 Time Words_1,Useful_Expressions
せんしゅう,,last week,,Genki 1::L04::05 Time Words_2,Useful_Expressions
きょう,今日,today,Now - Sun,Genki 1::L04::05 Time Words_3,Useful_Expressions
あした,明日,tomorrow,Bright - Sun,Genki 1::L04::05 Time Words_4,Useful_Expressions
あさって,,the day after tomorrow,,Genki 1::L04::05 Time Words_5,Useful_Expressions
にしゅうかんまえ,,two weeks ago,,Genki 1::L04::05 Time Words_6,Useful_Expressions
せんしゅう,先週,last week,Previous - Week,Genki 1::L04::05 Time Words_7,Useful_Expressions
こんしゅう,,this week,,Genki 1::L04::05 Time Words_8,Useful_Expressions
らいしゅう,,next week,,Genki 1::L04::05 Time Words_9,Useful_Expressions
さらいしゅう,,the week after next,,Genki 1::L04::05 Time Words_10,Useful_Expressions
にかげつまえ,,two months ago,,Genki 1::L04::05 Time Words_11,Useful_Expressions
せんげつ,,last month,,Genki 1::L04::05 Time Words_12,Useful_Expressions
こんげつ,,this month,,Genki 1::L04::05 Time Words_13,Useful_Expressions
らいげつ,,next month,,Genki 1::L04::05 Time Words_14,Useful_Expressions
さらいげつ,,the month after next,,Genki 1::L04::05 Time Words_15,Useful_Expressions
おととし,,the year before last,,Genki 1::L04::05 Time Words_16,Useful_Expressions
きょねん,,last year,,Genki 1::L04::05 Time Words_17,Useful_Expressions
ことし,,this year,,Genki 1::L04::05 Time Words_18,Useful_Expressions
らいねん,,next year,,Genki 1::L04::05 Time Words_19,Useful_Expressions
さらいねん,,the year after next,,Genki 1::L04::05 Time Words_20,Useful_Expressions
たべもの,食べ物,food,Eat - べ - Thing,Genki 1::L05::01 Vocabulary_0,Nouns
のみもの,飲み物,drink,Drink - み - Thing,Genki 1::L05::01 Vocabulary_1,Nouns
くだもの,果物,fruit,Fruit - Thing,Genki 1::L05::01 Vocabulary_2,Nouns
やすみ,休み,holiday; day off; absence,Rest - み,Genki 1::L05::01 Vocabulary_3,Nouns
りょこう,旅行,travel,Trip - Go,Genki 1::L05::01 Vocabulary_4,Nouns
うみ,海,sea,Sea,Genki 1::L05::01 Vocabulary_5,Nouns
サーフィン,,surfing,,Genki 1::L05::01 Vocabulary_6,Nouns
おみやげ,お土産,souvenir,お - Dirt - Give Birth,Genki 1::L05::01 Vocabulary_7,Nouns
バス,,bus,,Genki 1::L05::01 Vocabulary_8,Nouns
てんき,天気,weather,Heaven - Energy,Genki 1::L05::01 Vocabulary_9,Nouns
しゅくだい,宿題,homework,Lodge - Topic,Genki 1::L05::01 Vocabulary_10,Nouns
テスト,,test,,Genki 1::L05::01 Vocabulary_11,Nouns
たんじょうび,誕生日,birthday,Birth - Life - Sun,Genki 1::L05::01 Vocabulary_12,Nouns
へや,部屋,room,Part - Roof,Genki 1::L05::01 Vocabulary_13,Nouns
ぼく,僕,I (used by men),I,Genki 1::L05::01 Vocabulary_14,Nouns
Lサイズ（エルサイズ）,,size L,,Genki 1::L05::01 Vocabulary_15,Nouns
あたらしい,新しい,new,New - しい,Genki 1::L05::01 Vocabulary_16,い-adjectives
ふるい,古い,old (thing - not used for people),Old - い,Genki 1::L05::01 Vocabulary_17,い-adjectives
あつい,暑い (weather) 熱い (thing),hot,Hot - い (weather)  - Heat - い (thing),Genki 1::L05::01 Vocabulary_18,い-adjectives
さむい,寒い,cold (weather - not used for things),Cold - い,Genki 1::L05::01 Vocabulary_19,い-adjectives
いそがしい,忙しい,busy (people/days),Busy - しい,Genki 1::L05::01 Vocabulary_20,い-adjectives
おおきい,大きい,large,Big - きい,Genki 1::L05::01 Vocabulary_21,い-adjectives
ちいさい,小さい,small,Small - さい,Genki 1::L05::01 Vocabulary_22,い-adjectives
おもしろい,面白い,interesting; funny,Face - White - い,Genki 1::L05::01 Vocabulary_23,い-adjectives
つまらない,,boring,,Genki 1::L05::01 Vocabulary_24,い-adjectives
やさしい,,easy (problem); kind (person),,Genki 1::L05::01 Vocabulary_25,い-adjectives
むずかしい,難しい,difficult,Difficult - しい,Genki 1::L05::01 Vocabulary_26,い-adjectives
かっこいい,,good-looking (conjugates like いい),,Genki 1::L05::01 Vocabulary_27,い-adjectives
こわい,怖い,frightening,Scary - い,Genki 1::L05::01 Vocabulary_28,い-adjectives
たのしい,楽しい,fun,Comfort - しい,Genki 1::L05::01 Vocabulary_29,い-adjectives
やすい,安い,inexpensive; cheap (thing),Relax - い,Genki 1::L05::01 Vocabulary_30,い-adjectives
すき（な）,好き,fond of; to like (〜が),Like - き,Genki 1::L05::01 Vocabulary_31,な-adjectives
きらい（な）,嫌い,disgusted with; to dislike (〜が),Dislike - い,Genki 1::L05::01 Vocabulary_32,な-adjectives
だいすき（な）,大好き,very fond of; to love (〜が),Big - Like - き,Genki 1::L05::01 Vocabulary_33,な-adjectives
だいきらい（な）,大嫌い,to hate (〜が),Big - Dislike - い,Genki 1::L05::01 Vocabulary_34,な-adjectives
きれい（な）,,beautiful; clean,,Genki 1::L05::01 Vocabulary_35,な-adjectives
げんき（な）,元気,healthy; energetic,Origin - Energy,Genki 1::L05::01 Vocabulary_36,な-adjectives
しずか（な）,静か,quiet,Quiet - か,Genki 1::L05::01 Vocabulary_37,な-adjectives
にぎやか（な）,,lively,,Genki 1::L05::01 Vocabulary_38,な-adjectives
ひま（な）,暇,not busy; free (time),Spare Time,Genki 1::L05::01 Vocabulary_39,な-adjectives
およぐ,泳ぐ,to swim,Swim - ぐ,Genki 1::L05::01 Vocabulary_40,U-verbs
きく,聞く,to listen; to hear (〜を); to ask (<i>person</i>&nbsp;に),Hear - く,Genki 1::L05::01 Vocabulary_41,U-verbs
のる,乗る,to ride; to board (〜に),Ride - る,Genki 1::L05::01 Vocabulary_42,U-verbs
やる,,to do; to perform (〜を),,Genki 1::L05::01 Vocabulary_43,U-verbs
でかける,出かける,to go out,Exit - かける,Genki 1::L05::01 Vocabulary_44,Ru-verbs
いっしょに,一緒に,together,One - Together - に,Genki 1::L05::01 Vocabulary_45,Adverbs_and_Other_Expressions
すごく,,extremely,,Genki 1::L05::01 Vocabulary_46,Adverbs_and_Other_Expressions
だいじょうぶ,大丈夫,It's okay; Not to worry; Everything is under control.,Big - Height - Husband,Genki 1::L05::01 Vocabulary_47,Adverbs_and_Other_Expressions
とても,,very,,Genki 1::L05::01 Vocabulary_48,Adverbs_and_Other_Expressions
どんな,,what kind of ...,,Genki 1::L05::01 Vocabulary_49,Adverbs_and_Other_Expressions
〜まい,〜枚,[counter for flat objects],〜 - Flat Objects Counter,Genki 1::L05::01 Vocabulary_50,Adverbs_and_Other_Expressions
かんじ,漢字,kanji; Chinese character,Chinese - Letter,Genki 1::L06::01 Vocabulary_0,Nouns
きょうかしょ,教科書,textbook,Teach - Course - Write,Genki 1::L06::01 Vocabulary_1,Nouns
ページ,,page,,Genki 1::L06::01 Vocabulary_2,Nouns
つぎ,次,next,Next,Genki 1::L06::01 Vocabulary_3,Nouns
おかね,お金,money,お - Gold,Genki 1::L06::01 Vocabulary_4,Nouns
にもつ,荷物,baggage,Luggage - Thing,Genki 1::L06::01 Vocabulary_5,Nouns
パソコン,,personal computer,,Genki 1::L06::01 Vocabulary_6,Nouns
シャワー,,shower,,Genki 1::L06::01 Vocabulary_7,Nouns
エアコン,,air conditioner,,Genki 1::L06::01 Vocabulary_8,Nouns
でんき,電気,electricity; light,Electricity - Energy,Genki 1::L06::01 Vocabulary_9,Nouns
まど,窓,window,Window,Genki 1::L06::01 Vocabulary_10,Nouns
でんしゃ,電車,train,Electricity - Car,Genki 1::L06::01 Vocabulary_11,Nouns
くに,国,country; place of origin,Country,Genki 1::L06::01 Vocabulary_12,Nouns
こんしゅう,今週,this week,Now - Week,Genki 1::L06::01 Vocabulary_13,Nouns
らいしゅう,来週,next week,Come - Week,Genki 1::L06::01 Vocabulary_14,Nouns
らいねん,来年,next year,Come - Year,Genki 1::L06::01 Vocabulary_15,Nouns
よる,夜,night,Night,Genki 1::L06::01 Vocabulary_16,Nouns
たいへん（な）,大変,tough (situation),Big - Change,Genki 1::L06::01 Vocabulary_17,な-adjectives
あそぶ,遊ぶ,to play; to spend time pleasantly,Play - ぶ,Genki 1::L06::01 Vocabulary_18,U-verbs
いそぐ,急ぐ,to hurry,Hurry - ぐ,Genki 1::L06::01 Vocabulary_19,U-verbs
かえす,返す,to return (a thing) (<i>person</i>&nbsp;に <i>thing</i>&nbsp;を),Return - す,Genki 1::L06::01 Vocabulary_20,U-verbs
けす,消す,to turn off; to erase (〜を),Extinguish - す,Genki 1::L06::01 Vocabulary_21,U-verbs
しぬ,死ぬ,to die,Death - ぬ,Genki 1::L06::01 Vocabulary_22,U-verbs
すわる,座る,to sit down (<i>seat</i>&nbsp;に),Sit - る,Genki 1::L06::01 Vocabulary_23,U-verbs
たつ,立つ,to stand up,Stand - つ,Genki 1::L06::01 Vocabulary_24,U-verbs
たばこをすう,たばこを吸う,to smoke,たばこを - Suck - う,Genki 1::L06::01 Vocabulary_25,U-verbs
つかう,使う,to use (〜を),Use - う,Genki 1::L06::01 Vocabulary_26,U-verbs
てつだう,手伝う,to help (<i>person</i>/<i>task</i>&nbsp;を),Hand - Transmit - う,Genki 1::L06::01 Vocabulary_27,U-verbs
はいる,入る,to enter (〜に),Enter - る,Genki 1::L06::01 Vocabulary_28,U-verbs
もつ,持つ,to carry; to hold (〜を),Hold - つ,Genki 1::L06::01 Vocabulary_29,U-verbs
やすむ,休む,(1) to be absent (from ...) (〜を)<div>(2) to rest</div>,Rest - む,Genki 1::L06::01 Vocabulary_30,U-verbs
あける,開ける,to open (something) (〜を),Open - ける,Genki 1::L06::01 Vocabulary_31,Ru-verbs
しめる,閉める,to close (something) (〜を),Closed - める,Genki 1::L06::01 Vocabulary_32,Ru-verbs
おしえる,教える,to teach; to instruct (person に thing を),Teach - える,Genki 1::L06::01 Vocabulary_33,Ru-verbs
わすれる,忘れる,to forget; to leave behind (〜を),Forget - れる,Genki 1::L06::01 Vocabulary_34,Ru-verbs
おりる,降りる,to get off (〜を),Descend - りる,Genki 1::L06::01 Vocabulary_35,Ru-verbs
かりる,借りる,to borrow (person に thing を),Borrow - りる,Genki 1::L06::01 Vocabulary_36,Ru-verbs
シャワーをあびる,シャワーを浴びる,to take a shower,シャワーを - Bathe - びる,Genki 1::L06::01 Vocabulary_37,Ru-verbs
つける,,to turn on (〜を),,Genki 1::L06::01 Vocabulary_38,Ru-verbs
でんわする,電話する,to call (〜に),Electricity - Talk - する,Genki 1::L06::01 Vocabulary_39,Irregular_Verbs
つれてくる,連れてくる,to bring (a person) (〜を),Take Along - れてくる,Genki 1::L06::01 Vocabulary_40,Irregular_Verbs
もってくる,持ってくる,to bring (a thing) (〜を),Hold - ってくる,Genki 1::L06::01 Vocabulary_41,Irregular_Verbs
あとで,後で,later on,Behind - で,Genki 1::L06::01 Vocabulary_42,Adverbs_and_Other_Expressions
すぐ,,right away,,Genki 1::L06::01 Vocabulary_43,Adverbs_and_Other_Expressions
ゆっくり,,slowly; leisurely; unhurriedly,,Genki 1::L06::01 Vocabulary_44,Adverbs_and_Other_Expressions
けっこうです,結構です,That would be fine.; That wouldn't be necessary.,Bind - Set Up - です,Genki 1::L06::01 Vocabulary_45,Adverbs_and_Other_Expressions
ほんとうですか,本当ですか,Really?,Book - Correct - ですか,Genki 1::L06::01 Vocabulary_46,Adverbs_and_Other_Expressions
ひだりにまがる,,turn left,,Genki 1::L06::02 Useful Expressions_0,Useful_Expressions
みぎにまがる,,turn right,,Genki 1::L06::02 Useful Expressions_1,Useful_Expressions
まっすぐいく,,go straight,,Genki 1::L06::02 Useful Expressions_2,Useful_Expressions
みちをわたる,,cross the street,,Genki 1::L06::02 Useful Expressions_3,Useful_Expressions
ふたつめのかどをひだりにまがる,,turn left at the second corner,,Genki 1::L06::02 Useful Expressions_4,Useful_Expressions
ひとつめのしんごうをみぎにまがる,,turn right at the first traffic light,,Genki 1::L06::02 Useful Expressions_5,Useful_Expressions
みちのひだりがわ,,left side of the street,,Genki 1::L06::02 Useful Expressions_6,Useful_Expressions
みちのみぎがわ,,right side of the street,,Genki 1::L06::02 Useful Expressions_7,Useful_Expressions
きた,,north,,Genki 1::L06::02 Useful Expressions_8,Useful_Expressions
にし,,west,,Genki 1::L06::02 Useful Expressions_9,Useful_Expressions
ひがし,,east,,Genki 1::L06::02 Useful Expressions_10,Useful_Expressions
みなみ,,south,,Genki 1::L06::02 Useful Expressions_11,Useful_Expressions
かぞく,家族,family,House - Tribe,Genki 1::L07::01 Vocabulary_0,Nouns
おじいさん,,grandfather; old man,,Genki 1::L07::01 Vocabulary_1,Nouns
おばあさん,,grandmother; old woman,,Genki 1::L07::01 Vocabulary_2,Nouns
おにいさん,お兄さん,older brother,お - Older Brother - さん,Genki 1::L07::01 Vocabulary_3,Nouns
おねえさん,お姉さん,older sister,お - Older Sister - さん,Genki 1::L07::01 Vocabulary_4,Nouns
ちち,父,(my) father,Father,Genki 1::L07::01 Vocabulary_5,Nouns
はは,母,(my) mother,Mother,Genki 1::L07::01 Vocabulary_6,Nouns
あに,兄,(my) older brother,Older Brother,Genki 1::L07::01 Vocabulary_7,Nouns
あね,姉,(my) older sister,Older Sister,Genki 1::L07::01 Vocabulary_8,Nouns
いもうと,妹,younger sister,Younger Sister,Genki 1::L07::01 Vocabulary_9,Nouns
おとうと,弟,younger brother,Younger Brother,Genki 1::L07::01 Vocabulary_10,Nouns
きょうだい,兄弟,brothers and sisters,Older Brother - Younger Brother,Genki 1::L07::01 Vocabulary_11,Nouns
おとこのひと,男の人,man,Man - の - Person,Genki 1::L07::01 Vocabulary_12,Nouns
おんなのひと,女の人,woman,Woman - の - Person,Genki 1::L07::01 Vocabulary_13,Nouns
かいしゃ,会社,company,Meet - Company,Genki 1::L07::01 Vocabulary_14,Nouns
しょくどう,食堂,cafeteria; dining commons,Eat - Hall,Genki 1::L07::01 Vocabulary_15,Nouns
デパート,,department store,,Genki 1::L07::01 Vocabulary_16,Nouns
かみ,髪,hair,Hair,Genki 1::L07::01 Vocabulary_17,Nouns
くち,口,mouth,Mouth,Genki 1::L07::01 Vocabulary_18,Nouns
め,目,eye,Eye,Genki 1::L07::01 Vocabulary_19,Nouns
めがね,眼鏡,glasses,Eyeball - Mirror,Genki 1::L07::01 Vocabulary_20,Nouns
うた,歌,song,Song,Genki 1::L07::01 Vocabulary_21,Nouns
サークル,,club activity,,Genki 1::L07::01 Vocabulary_22,Nouns
くるま,車,car,Car,Genki 1::L07::01 Vocabulary_23,Nouns
ながい,長い,long,Long - い,Genki 1::L07::01 Vocabulary_24,い-adjectives
みじかい,短い,short (length),Short - い,Genki 1::L07::01 Vocabulary_25,い-adjectives
はやい,速い,fast,Fast - い,Genki 1::L07::01 Vocabulary_26,い-adjectives
せがたかい,背が高い,tall (stature),Back - が - Tall - い,Genki 1::L07::01 Vocabulary_27,い-adjectives
せがひくい,背が低い,short (stature),Back - が - Low - い,Genki 1::L07::01 Vocabulary_28,い-adjectives
あたまがいい,頭がいい,bright; smart; clever (conjugates like いい),Head - がいい,Genki 1::L07::01 Vocabulary_29,い-adjectives
かわいい,,cute,,Genki 1::L07::01 Vocabulary_30,い-adjectives
しんせつ（な）,親切,kind,Parent - Cut,Genki 1::L07::01 Vocabulary_31,な-adjectives
べんり（な）,便利,convenient,Convenience - Profit,Genki 1::L07::01 Vocabulary_32,な-adjectives
うたう,歌う,to sing (〜を),Song - う,Genki 1::L07::01 Vocabulary_33,U-verbs
かぶる,,to put on (a hat) (〜を),,Genki 1::L07::01 Vocabulary_34,U-verbs
はく,,to put on (items below your waist) (〜を),,Genki 1::L07::01 Vocabulary_35,U-verbs
しる,知る,to get to know (〜を),Know - る,Genki 1::L07::01 Vocabulary_36,U-verbs
しっています,知っています,I know,Know - っています,Genki 1::L07::01 Vocabulary_37,U-verbs
しりません,知りません,I do not know,Know - りません,Genki 1::L07::01 Vocabulary_38,U-verbs
すむ,住む,to live (〜にすんでいます),Dwelling - む,Genki 1::L07::01 Vocabulary_39,U-verbs
はたらく,働く,to work,Work - く,Genki 1::L07::01 Vocabulary_40,U-verbs
ふとる,太る,to gain weight,Fat - る,Genki 1::L07::01 Vocabulary_41,U-verbs
ふとっています,太っています,to be on the heavy side; overweight,Fat - っています,Genki 1::L07::01 Vocabulary_42,U-verbs
（めがねを）かける,,to put on (glasses),,Genki 1::L07::01 Vocabulary_43,Ru-verbs
きる,着る,to put on (clothes above your waist) (〜を),Wear - る,Genki 1::L07::01 Vocabulary_44,Ru-verbs
やせる,,to lose weight,,Genki 1::L07::01 Vocabulary_45,Ru-verbs
やせています,,to be thin,,Genki 1::L07::01 Vocabulary_46,Ru-verbs
けっこんする,結婚する,to get married (〜と),Bind - Marriage - する,Genki 1::L07::01 Vocabulary_47,Irregular_Verbs
〜が,,"..., but",,Genki 1::L07::01 Vocabulary_48,Adverbs_and_Other_Expressions
なにも + negative,何も,not ... anything,What - も,Genki 1::L07::01 Vocabulary_49,Adverbs_and_Other_Expressions
〜にん,〜人,[counter for people],〜 - Person,Genki 1::L07::01 Vocabulary_50,Adverbs_and_Other_Expressions
ひとり,一人,one person,One - Person,Genki 1::L07::01 Vocabulary_51,Adverbs_and_Other_Expressions
ふたり,二人,two people,Two - Person,Genki 1::L07::01 Vocabulary_52,Adverbs_and_Other_Expressions
べつに + negative,別に,nothing in particular,Separate - に,Genki 1::L07::01 Vocabulary_53,Adverbs_and_Other_Expressions
もちろん,,of course,,Genki 1::L07::01 Vocabulary_54,Adverbs_and_Other_Expressions
よかったら,,if you like,,Genki 1::L07::01 Vocabulary_55,Adverbs_and_Other_Expressions
ひとり*,一人,1 Person/alone,One - Person,Genki 1::L07::02 Counting People_0,counting_people
ふたり*,二人,2 Persons/couple,Two - Person,Genki 1::L07::02 Counting People_1,counting_people
さんにん,三人,3 Persons,Three - Person,Genki 1::L07::02 Counting People_2,counting_people
よにん*,四人,4 Persons,Four - Person,Genki 1::L07::02 Counting People_3,counting_people
ごにん,五人,5 Persons,Five - Person,Genki 1::L07::02 Counting People_4,counting_people
ろくにん,六人,6 Persons,Six - Person,Genki 1::L07::02 Counting People_5,counting_people
しちにん*・ななにん,七人,7 Persons,Seven - Person,Genki 1::L07::02 Counting People_6,counting_people
はちにん,八人,8 Persons,Eight - Person,Genki 1::L07::02 Counting People_7,counting_people
きゅうにん,九人,9 Persons,Nine - Person,Genki 1::L07::02 Counting People_8,counting_people
じゅうにん,十人,10 Persons,Ten - Person,Genki 1::L07::02 Counting People_9,counting_people
かみ,,hair,,Genki 1::L07::03 Bodyparts_0,Useful_Expressions
くち,,mouth,,Genki 1::L07::03 Bodyparts_1,Useful_Expressions
め,,eye,,Genki 1::L07::03 Bodyparts_2,Useful_Expressions
はな,,nose,,Genki 1::L07::03 Bodyparts_3,Useful_Expressions
ゆび,,finger,,Genki 1::L07::03 Bodyparts_4,Useful_Expressions
は,,tooth,,Genki 1::L07::03 Bodyparts_5,Useful_Expressions
まゆげ,,eyebrows,,Genki 1::L07::03 Bodyparts_6,Useful_Expressions
みみ,,ear,,Genki 1::L07::03 Bodyparts_7,Useful_Expressions
て,,hand,,Genki 1::L07::03 Bodyparts_8,Useful_Expressions
くび,,neck,,Genki 1::L07::03 Bodyparts_9,Useful_Expressions
あたま,,head,,Genki 1::L07::03 Bodyparts_10,Useful_Expressions
せなか,,back,,Genki 1::L07::03 Bodyparts_11,Useful_Expressions
おしり,,buttocks,,Genki 1::L07::03 Bodyparts_12,Useful_Expressions
かお,,face,,Genki 1::L07::03 Bodyparts_13,Useful_Expressions
かた,,shoulder,,Genki 1::L07::03 Bodyparts_14,Useful_Expressions
むね,,breast,,Genki 1::L07::03 Bodyparts_15,Useful_Expressions
おなか,,stomach,,Genki 1::L07::03 Bodyparts_16,Useful_Expressions
あし,,leg; foot,,Genki 1::L07::03 Bodyparts_17,Useful_Expressions
はれ,晴れ,sunny weather,Clear Up - れ,Genki 1::L08::01 Vocabulary_0,Nouns
あめ,雨,rain,Rain,Genki 1::L08::01 Vocabulary_1,Nouns
くもり,曇り,cloudy weather,Cloudy - り,Genki 1::L08::01 Vocabulary_2,Nouns
ゆき,雪,snow,Snow,Genki 1::L08::01 Vocabulary_3,Nouns
てんきよほう,天気予報,weather forecast,Heaven - Energy - Beforehand - News,Genki 1::L08::01 Vocabulary_4,Nouns
きおん,気温,temperature (weather - not used for things),Energy - Warm,Genki 1::L08::01 Vocabulary_5,Nouns
なつ,夏,summer,Summer,Genki 1::L08::01 Vocabulary_6,Nouns
ふゆ,冬,winter,Winter,Genki 1::L08::01 Vocabulary_7,Nouns
けさ,今朝,this morning,Now - Morning,Genki 1::L08::01 Vocabulary_8,Nouns
あさって,,the day after tomorrow,,Genki 1::L08::01 Vocabulary_9,Nouns
まいしゅう,毎週,every week,Every - Week,Genki 1::L08::01 Vocabulary_10,Nouns
こんげつ,今月,this month,Now - Moon,Genki 1::L08::01 Vocabulary_11,Nouns
らいげつ,来月,next month,Come - Moon,Genki 1::L08::01 Vocabulary_12,Nouns
かいしゃいん,会社員,office worker,Meet - Company - Member,Genki 1::L08::01 Vocabulary_13,Nouns
しごと,仕事,job; work; occupation,Doing - Action,Genki 1::L08::01 Vocabulary_14,Nouns
カメラ,,camera,,Genki 1::L08::01 Vocabulary_15,Nouns
カラオケ,,karaoke,,Genki 1::L08::01 Vocabulary_16,Nouns
ところ,所,place,Place,Genki 1::L08::01 Vocabulary_17,Nouns
トマト,,tomato,,Genki 1::L08::01 Vocabulary_18,Nouns
はし,,chopsticks,,Genki 1::L08::01 Vocabulary_19,Nouns
パーティー,,party,,Genki 1::L08::01 Vocabulary_20,Nouns
バーベキュー,,barbecue,,Genki 1::L08::01 Vocabulary_21,Nouns
ホームステイ,,homestay; living with a local family,,Genki 1::L08::01 Vocabulary_22,Nouns
おふろ,お風呂,bath,お - Wind - Bath,Genki 1::L08::01 Vocabulary_23,Nouns
スペイン,,Spain,,Genki 1::L08::01 Vocabulary_24,Nouns
なにか,何か,something,What - か,Genki 1::L08::01 Vocabulary_25,Nouns
じょうず（な）,上手,skillful; good at ... (〜が),Above - Hand,Genki 1::L08::01 Vocabulary_26,な-adjectives
へた（な）,下手,clumsy; poor at ... (〜が),Below - Hand,Genki 1::L08::01 Vocabulary_27,な-adjectives
ゆうめい（な）,有名,famous,Have - Name,Genki 1::L08::01 Vocabulary_28,な-adjectives
あらう,洗う,to wash (〜を),Wash - う,Genki 1::L08::01 Vocabulary_29,U-verbs
いう,言う,to say,Say - う,Genki 1::L08::01 Vocabulary_30,U-verbs
いる,,to need (〜が),,Genki 1::L08::01 Vocabulary_31,U-verbs
おそくなる,遅くなる,to be late,Slow - くなる,Genki 1::L08::01 Vocabulary_32,U-verbs
おふろにはいる,お風呂に入る,to take a bath,お - Wind - Bath - に - Enter - る,Genki 1::L08::01 Vocabulary_33,U-verbs
おもう,思う,to think,Think - う,Genki 1::L08::01 Vocabulary_34,U-verbs
きる,切る,to cut (〜を),Cut - る,Genki 1::L08::01 Vocabulary_35,U-verbs
つくる,作る,to make (〜を),Make - る,Genki 1::L08::01 Vocabulary_36,U-verbs
（あめ／ゆきが）ふる,（雨／雪が）降る,(rain/snow) falls,（ - Rain - ／ - Snow - が） - Descend - る,Genki 1::L08::01 Vocabulary_37,U-verbs
もっていく,持っていく,to take (a thing) (〜を),Hold - っていく,Genki 1::L08::01 Vocabulary_38,U-verbs
すてる,捨てる,to throw away (〜を),Throw Away - てる,Genki 1::L08::01 Vocabulary_39,Ru-verbs
はじめる,始める,to begin (〜を),Begin - める,Genki 1::L08::01 Vocabulary_40,Ru-verbs
うんてんする,運転する,to drive (〜を),Carry - Revolve - する,Genki 1::L08::01 Vocabulary_41,Irregular_Verbs
せんたくする,洗濯する,to do laundry (〜を),Wash - Wash - する,Genki 1::L08::01 Vocabulary_42,Irregular_Verbs
そうじする,掃除する,to clean (〜を),Sweep - Exclude - する,Genki 1::L08::01 Vocabulary_43,Irregular_Verbs
りょうりする,料理する,to cook,Fee - Reason - する,Genki 1::L08::01 Vocabulary_44,Irregular_Verbs
うん,,uh-huh; yes,,Genki 1::L08::01 Vocabulary_45,Adverbs_and_Other_Expressions
ううん,,uh-uh; no,,Genki 1::L08::01 Vocabulary_46,Adverbs_and_Other_Expressions
いつも,,always,,Genki 1::L08::01 Vocabulary_47,Adverbs_and_Other_Expressions
おそく,遅く,(do something) late,Slow - く,Genki 1::L08::01 Vocabulary_48,Adverbs_and_Other_Expressions
かんぱい,乾杯,Cheers! (a toast),Dry - Cup Of Liquid,Genki 1::L08::01 Vocabulary_49,Adverbs_and_Other_Expressions
みんなで,,all (of the people) together,,Genki 1::L08::01 Vocabulary_50,Adverbs_and_Other_Expressions
ざんねん（ですね）,残念（ですね）,That's too bad.,Remainder - Thought - （ですね）,Genki 1::L08::01 Vocabulary_51,Adverbs_and_Other_Expressions
まだ + negative,,not ... yet,,Genki 1::L08::01 Vocabulary_52,Adverbs_and_Other_Expressions
〜について,,about ...; concerning ...,,Genki 1::L08::01 Vocabulary_53,Adverbs_and_Other_Expressions
〜ど,〜度,... degrees (temperature),〜 - Degrees,Genki 1::L08::01 Vocabulary_54,Adverbs_and_Other_Expressions
どう,,how,,Genki 1::L08::01 Vocabulary_55,Adverbs_and_Other_Expressions
ごはん,ご飯,white rice,ご - Meal,Genki 1::L08::02 Foods_0,foods
おかず,,a couple of dishes,,Genki 1::L08::02 Foods_1,foods
みそしる,みそ汁,soup,みそ - Soup,Genki 1::L08::02 Foods_2,foods
カレーライス,,Curry with rice,,Genki 1::L08::02 Foods_3,foods
おにぎり,,Rice balls,,Genki 1::L08::02 Foods_4,foods
ラーメン,,ramen noodels,,Genki 1::L08::02 Foods_5,foods
うどん,,udon noodels,,Genki 1::L08::02 Foods_6,foods
パスタ,,pasta,,Genki 1::L08::02 Foods_7,foods
ぎょうざ,,dumplings,,Genki 1::L08::02 Foods_8,foods
ぎゅうどん,牛丼,beef rice bowl,Cow - Rice Bowl,Genki 1::L08::02 Foods_9,foods
ハンバーグ,,hamburger steak,,Genki 1::L08::02 Foods_10,foods
さしみ,,raw seafood,,Genki 1::L08::02 Foods_11,foods
おこのみやき,お好み焼き,savory pancake,お - Like - み - Bake - き,Genki 1::L08::02 Foods_12,foods
いちご,,strawberry,,Genki 1::L08::03 Supermarket_0,supermarket
すいか,,watermelon,,Genki 1::L08::03 Supermarket_1,supermarket
みかん,,mandarin orange,,Genki 1::L08::03 Supermarket_2,supermarket
りんご,,apple,,Genki 1::L08::03 Supermarket_3,supermarket
もも,,peach,,Genki 1::L08::03 Supermarket_4,supermarket
ぶどう,,grape,,Genki 1::L08::03 Supermarket_5,supermarket
にんじん,,carrot,,Genki 1::L08::03 Supermarket_6,supermarket
たまねぎ,,onion,,Genki 1::L08::03 Supermarket_7,supermarket
じゃがいも,,potato,,Genki 1::L08::03 Supermarket_8,supermarket
なす,,eggplant,,Genki 1::L08::03 Supermarket_9,supermarket
きゅうり,,cucumber,,Genki 1::L08::03 Supermarket_10,supermarket
キャベツ,,cabbage,,Genki 1::L08::03 Supermarket_11,supermarket
ぎゅうにく,牛肉,beef,Cow - Meat,Genki 1::L08::03 Supermarket_12,supermarket
ぶたにく,豚肉,pork,Pork - Meat,Genki 1::L08::03 Supermarket_13,supermarket
とりにく,鶏肉,chicken,Chicken - Meat,Genki 1::L08::03 Supermarket_14,supermarket
たんご,単語,word; vocabulary,Simple - Language,Genki 1::L09::01 Vocabulary_0,Nouns
さくぶん,作文,essay; composition,Make - Writing,Genki 1::L09::01 Vocabulary_1,Nouns
しけん,試験,exam,Try - Test,Genki 1::L09::01 Vocabulary_2,Nouns
てがみ,手紙,letter,Hand - Paper,Genki 1::L09::01 Vocabulary_3,Nouns
メール,,e-mail,,Genki 1::L09::01 Vocabulary_4,Nouns
ギター,,guitar,,Genki 1::L09::01 Vocabulary_5,Nouns
ピアノ,,piano,,Genki 1::L09::01 Vocabulary_6,Nouns
コンサート,,concert,,Genki 1::L09::01 Vocabulary_7,Nouns
チケット,,ticket,,Genki 1::L09::01 Vocabulary_8,Nouns
かぶき,歌舞伎,Kabuki; traditional Japanese theatrical art,Song - Dance - Deed,Genki 1::L09::01 Vocabulary_9,Nouns
スキー,,ski,,Genki 1::L09::01 Vocabulary_10,Nouns
おべんとう,お弁当,boxed lunch,お - Dialect - Correct,Genki 1::L09::01 Vocabulary_11,Nouns
ピザ,,pizza,,Genki 1::L09::01 Vocabulary_12,Nouns
びょうき,病気,illness; sickness,Sick - Energy,Genki 1::L09::01 Vocabulary_13,Nouns
くすり,薬,medicine,Medicine,Genki 1::L09::01 Vocabulary_14,Nouns
いいこ,いい子,good child,いい - Child,Genki 1::L09::01 Vocabulary_15,Nouns
いろ,色,color,Color,Genki 1::L09::01 Vocabulary_16,Nouns
こんど,今度,near future,Now - Degrees,Genki 1::L09::01 Vocabulary_17,Nouns
せんげつ,先月,last month,Previous - Moon,Genki 1::L09::01 Vocabulary_18,Nouns
きょねん,去年,last year,Past - Year,Genki 1::L09::01 Vocabulary_19,Nouns
あおい,青い,blue,Blue - い,Genki 1::L09::01 Vocabulary_20,い-adjectives
あかい,赤い,red,Red - い,Genki 1::L09::01 Vocabulary_21,い-adjectives
くろい,黒い,black,Black - い,Genki 1::L09::01 Vocabulary_22,い-adjectives
しろい,白い,white,White - い,Genki 1::L09::01 Vocabulary_23,い-adjectives
さびしい,寂しい,lonely,Lonely - しい,Genki 1::L09::01 Vocabulary_24,い-adjectives
わかい,若い,young,Young - い,Genki 1::L09::01 Vocabulary_25,い-adjectives
いじわる（な）,意地悪,mean-spirited,Idea - Earth - Bad,Genki 1::L09::01 Vocabulary_26,な-adjectives
おどる,踊る,to dance,Dance - る,Genki 1::L09::01 Vocabulary_27,U-verbs
おわる,終わる,(something) ends (〜が),End - わる,Genki 1::L09::01 Vocabulary_28,U-verbs
くすりをのむ,薬を飲む,to take medicine,Medicine - を - Drink - む,Genki 1::L09::01 Vocabulary_29,U-verbs
にんきがある,人気がある,to be popular,Person - Energy - がある,Genki 1::L09::01 Vocabulary_30,U-verbs
はじまる,始まる,(something) begins (〜が),Begin - まる,Genki 1::L09::01 Vocabulary_31,U-verbs
ひく,弾く,to play (a string instrument or piano) (〜を),Bullet - く,Genki 1::L09::01 Vocabulary_32,U-verbs
もらう,,to get (from somebody) (<i>person</i> に <i>thing</i> を),,Genki 1::L09::01 Vocabulary_33,U-verbs
おぼえる,覚える,to memorize (〜を),Memorize - える,Genki 1::L09::01 Vocabulary_34,Ru-verbs
でる,出る,(1) to appear; to attend (〜に)<div>(2) to exit (〜を)</div>,Exit - る,Genki 1::L09::01 Vocabulary_35,Ru-verbs
うんどうする,運動する,to exercise,Carry - Move - する,Genki 1::L09::01 Vocabulary_36,Irregular_Verbs
さんぽする,散歩する,to take a walk,Scatter - Walk - する,Genki 1::L09::01 Vocabulary_37,Irregular_Verbs
そう,,(I think) so,,Genki 1::L09::01 Vocabulary_38,Adverbs_and_Other_Expressions
〜から,,from ...,,Genki 1::L09::01 Vocabulary_39,Adverbs_and_Other_Expressions
〜まで,,to (a place/a time),,Genki 1::L09::01 Vocabulary_40,Adverbs_and_Other_Expressions
ぜひ,是非,by all means,Absolutely - Injustice,Genki 1::L09::01 Vocabulary_41,Adverbs_and_Other_Expressions
ところで,,by the way,,Genki 1::L09::01 Vocabulary_42,Adverbs_and_Other_Expressions
みんな,,all,,Genki 1::L09::01 Vocabulary_43,Adverbs_and_Other_Expressions
もう,,already,,Genki 1::L09::01 Vocabulary_44,Adverbs_and_Other_Expressions
ひとつ,一つ,one - counter for small objects,One - つ,Genki 1::L09::01 Vocabulary_45,Numbers
ふたつ,二つ,two - counter for small objects,Two - つ,Genki 1::L09::01 Vocabulary_46,Numbers
みっつ,三つ,three - counter for small objects,Three - つ,Genki 1::L09::01 Vocabulary_47,Numbers
よっつ,四つ,four - counter for small objects,Four - つ,Genki 1::L09::01 Vocabulary_48,Numbers
いつつ,五つ,five - counter for small objects,Five - つ,Genki 1::L09::01 Vocabulary_49,Numbers
むっつ,六つ,six - counter for small objects,Six - つ,Genki 1::L09::01 Vocabulary_50,Numbers
ななつ,七つ,seven - counter for small objects,Seven - つ,Genki 1::L09::01 Vocabulary_51,Numbers
やっつ,八つ,eight - counter for small objects,Eight - つ,Genki 1::L09::01 Vocabulary_52,Numbers
ここのつ,九つ,nine - counter for small objects,Nine - つ,Genki 1::L09::01 Vocabulary_53,Numbers
とお,十,ten - counter for small objects,Ten,Genki 1::L09::01 Vocabulary_54,Numbers
くろい,,black,,Genki 1::L09::02 Colors_0,Useful_Expressions
しろい,,white,,Genki 1::L09::02 Colors_1,Useful_Expressions
あかい,,red,,Genki 1::L09::02 Colors_2,Useful_Expressions
あおい,,blue,,Genki 1::L09::02 Colors_3,Useful_Expressions
きいろい,,yellow,,Genki 1::L09::02 Colors_4,Useful_Expressions
ちゃいろい,,brown,,Genki 1::L09::02 Colors_5,Useful_Expressions
みどり／グリーン,,green,,Genki 1::L09::02 Colors_6,Useful_Expressions
こんいろ,,navy blue,,Genki 1::L09::02 Colors_7,Useful_Expressions
みずいろ,,light blue,,Genki 1::L09::02 Colors_8,Useful_Expressions
ぎんいろ／シルバー,,silver,,Genki 1::L09::02 Colors_9,Useful_Expressions
オレンジ,,orange,,Genki 1::L09::02 Colors_10,Useful_Expressions
むらさき,,purple,,Genki 1::L09::02 Colors_11,Useful_Expressions
はいいろ／グレー,,gray,,Genki 1::L09::02 Colors_12,Useful_Expressions
きんいろ／ゴールド,,gold,,Genki 1::L09::02 Colors_13,Useful_Expressions
ピンク,,pink,,Genki 1::L09::02 Colors_14,Useful_Expressions
ベージュ,,beige,,Genki 1::L09::02 Colors_15,Useful_Expressions
かおがあおいですね。,,You look pale.,,Genki 1::L09::02 Colors_16,Useful_Expressions
しろくろのしゃしん,,black and white picture,,Genki 1::L09::02 Colors_17,Useful_Expressions
あおしんごう,,green light,,Genki 1::L09::02 Colors_18,Useful_Expressions
きせつ,季節,season,Seasons - Season,Genki 1::L10::01 Vocabulary_0,Nouns
はる,春,spring,Spring,Genki 1::L10::01 Vocabulary_1,Nouns
あき,秋,fall,Autumn,Genki 1::L10::01 Vocabulary_2,Nouns
ぎゅうにゅう,牛乳,milk,Cow - Milk,Genki 1::L10::01 Vocabulary_3,Nouns
ケーキ,,cake,,Genki 1::L10::01 Vocabulary_4,Nouns
すし,,sushi,,Genki 1::L10::01 Vocabulary_5,Nouns
てんぷら,天ぷら,tempura,Heaven - ぷら,Genki 1::L10::01 Vocabulary_6,Nouns
りんご,,apple,,Genki 1::L10::01 Vocabulary_7,Nouns
りょうり,料理,cuisine,Fee - Reason,Genki 1::L10::01 Vocabulary_8,Nouns
サッカー,,soccer,,Genki 1::L10::01 Vocabulary_9,Nouns
やきゅう,野球,baseball,Field - Sphere,Genki 1::L10::01 Vocabulary_10,Nouns
いしゃ,医者,doctor,Medicine - Someone,Genki 1::L10::01 Vocabulary_11,Nouns
おかねもち,お金持ち,rich person,お - Gold - Hold - ち,Genki 1::L10::01 Vocabulary_12,Nouns
ゆうめいじん,有名人,celebrity,Have - Name - Person,Genki 1::L10::01 Vocabulary_13,Nouns
かお,顔,face,Face,Genki 1::L10::01 Vocabulary_14,Nouns
としうえ,年上,someone older,Year - Above,Genki 1::L10::01 Vocabulary_15,Nouns
えき,駅,station,Station,Genki 1::L10::01 Vocabulary_16,Nouns
しんかんせん,新幹線,"Shinkansen; ""Bullet Train""",New - Tree Trunk - Line,Genki 1::L10::01 Vocabulary_17,Nouns
ちかてつ,地下鉄,subway,Earth - Below - Iron,Genki 1::L10::01 Vocabulary_18,Nouns
ふね,船,ship; boat,Boat,Genki 1::L10::01 Vocabulary_19,Nouns
ひこうき,飛行機,airplane,Fly - Go - Machine,Genki 1::L10::01 Vocabulary_20,Nouns
よやく,予約,reservation,Beforehand - Promise,Genki 1::L10::01 Vocabulary_21,Nouns
ツアー,,tour,,Genki 1::L10::01 Vocabulary_22,Nouns
どうぶつえん,動物園,zoo,Move - Thing - Garden,Genki 1::L10::01 Vocabulary_23,Nouns
じかん,時間,time,Time - Interval,Genki 1::L10::01 Vocabulary_24,Nouns
せかい,世界,world,World - World,Genki 1::L10::01 Vocabulary_25,Nouns
びよういん,美容院,beauty parlor,Beauty - Form - Institution,Genki 1::L10::01 Vocabulary_26,Nouns
てぶくろ,手袋,gloves,Hand - Sack,Genki 1::L10::01 Vocabulary_27,Nouns
せいかつ,生活,life; living,Life - Lively,Genki 1::L10::01 Vocabulary_28,Nouns
ことし,今年,this year,Now - Year,Genki 1::L10::01 Vocabulary_29,Nouns
あたたかい,暖かい,warm,Warm - かい,Genki 1::L10::01 Vocabulary_30,い-adjectives
すずしい,涼しい,cool (weather - not used for things),Cool - しい,Genki 1::L10::01 Vocabulary_31,い-adjectives
つめたい,冷たい,cold (things/people),Cool - たい,Genki 1::L10::01 Vocabulary_32,い-adjectives
おそい,遅い,slow; late,Slow - い,Genki 1::L10::01 Vocabulary_33,い-adjectives
ねむい,眠い,sleepy,Sleep - い,Genki 1::L10::01 Vocabulary_34,い-adjectives
かんたん（な）,簡単,easy; simple,Simplicity - Simple,Genki 1::L10::01 Vocabulary_35,な-adjectives
かかる,,to take (amount of time/money) (<i>no particle</i>),,Genki 1::L10::01 Vocabulary_36,U-verbs
とまる,泊まる,"to stay (at a hotel, etc.) (〜に)",Overnight - まる,Genki 1::L10::01 Vocabulary_37,U-verbs
なる,,to become,,Genki 1::L10::01 Vocabulary_38,U-verbs
きめる,決める,to decide (〜を),Decide - める,Genki 1::L10::01 Vocabulary_39,Ru-verbs
ごろごろする,,to chill out at home; to stay home and do nothing,,Genki 1::L10::01 Vocabulary_40,Irregular_Verbs
りょこうする,旅行する,to travel,Trip - Go - する,Genki 1::L10::01 Vocabulary_41,Irregular_Verbs
れんしゅうする,練習する,to practice (〜を),Practice - Learn - する,Genki 1::L10::01 Vocabulary_42,Irregular_Verbs
いちばん,一番,best,One - Number In A Series,Genki 1::L10::01 Vocabulary_43,Adverbs_and_Other_Expressions
どっち／どちら,,which,,Genki 1::L10::01 Vocabulary_44,Adverbs_and_Other_Expressions
はやく,早く／速く,(do something) early; fast,Early - く／ - Fast - く,Genki 1::L10::01 Vocabulary_45,Adverbs_and_Other_Expressions
あるいて,歩いて,on foot,Walk - いて,Genki 1::L10::01 Vocabulary_46,Adverbs_and_Other_Expressions
〜で,,by (means of transportation); with (a tool),,Genki 1::L10::01 Vocabulary_47,Adverbs_and_Other_Expressions
どうやって,,how; by what means,,Genki 1::L10::01 Vocabulary_48,Adverbs_and_Other_Expressions
どのぐらい,,how much; how long,,Genki 1::L10::01 Vocabulary_49,Adverbs_and_Other_Expressions
〜しゅうかん,〜週間,for ... weeks,〜 - Week - Interval,Genki 1::L10::01 Vocabulary_50,Adverbs_and_Other_Expressions
〜かげつ,〜か月,for ... months,〜か - Moon,Genki 1::L10::01 Vocabulary_51,Adverbs_and_Other_Expressions
〜ねん,〜年,... years,〜 - Year,Genki 1::L10::01 Vocabulary_52,Adverbs_and_Other_Expressions
このごろ,,these days,,Genki 1::L10::01 Vocabulary_53,Adverbs_and_Other_Expressions
〜ご,〜後,in ... time; after ...,〜 - Behind,Genki 1::L10::01 Vocabulary_54,Adverbs_and_Other_Expressions
〜か〜,,or,,Genki 1::L10::01 Vocabulary_55,Adverbs_and_Other_Expressions
ふつう,,local (train),,Genki 1::L10::02 Train Station_0,Useful_Expressions
きゅうこう,,express (train),,Genki 1::L10::02 Train Station_1,Useful_Expressions
とっきゅう,,super express (train),,Genki 1::L10::02 Train Station_2,Useful_Expressions
〜いき,,bound for ...,,Genki 1::L10::02 Train Station_3,Useful_Expressions
〜ほうめん,,serving ... areas,,Genki 1::L10::02 Train Station_4,Useful_Expressions
じょうしゃけん,,(boarding) ticket,,Genki 1::L10::02 Train Station_5,Useful_Expressions
ていきけん,,commuter's pass,,Genki 1::L10::02 Train Station_6,Useful_Expressions
がくわり,,student discount,,Genki 1::L10::02 Train Station_7,Useful_Expressions
していせき,,reserved seat,,Genki 1::L10::02 Train Station_8,Useful_Expressions
こうつうけいアイシーカード,,"rechargeable card such as Suica, Icoca, Pasmo, etc.",,Genki 1::L10::02 Train Station_9,Useful_Expressions
じゆうせき,,general admission seat,,Genki 1::L10::02 Train Station_10,Useful_Expressions
いちごうしゃ,,Car No. 1,,Genki 1::L10::02 Train Station_11,Useful_Expressions
おうふく,,round trip,,Genki 1::L10::02 Train Station_12,Useful_Expressions
かたみち,,one way,,Genki 1::L10::02 Train Station_13,Useful_Expressions
〜ばんせん,,track number ...,,Genki 1::L10::02 Train Station_14,Useful_Expressions
きっぷうりば,,ticket vending area,,Genki 1::L10::02 Train Station_15,Useful_Expressions
かいさつ,,gate,,Genki 1::L10::02 Train Station_16,Useful_Expressions
ホーム,,platform,,Genki 1::L10::02 Train Station_17,Useful_Expressions
ばいてん,,shop; stand,,Genki 1::L10::02 Train Station_18,Useful_Expressions
でぐち,,exit,,Genki 1::L10::02 Train Station_19,Useful_Expressions
いりぐち,,entrance,,Genki 1::L10::02 Train Station_20,Useful_Expressions
かいだん,,stairs,,Genki 1::L10::02 Train Station_21,Useful_Expressions
のりかえ,,transfer,,Genki 1::L10::02 Train Station_22,Useful_Expressions
つぎは〜,,"next (stop), ...",,Genki 1::L10::02 Train Station_23,Useful_Expressions
せんぱつ,,departing first,,Genki 1::L10::02 Train Station_24,Useful_Expressions
じはつ,,departing second,,Genki 1::L10::02 Train Station_25,Useful_Expressions
しゅうでん,,last train,,Genki 1::L10::02 Train Station_26,Useful_Expressions
まもなくはっしゃします。,,We will be leaving soon.,,Genki 1::L10::02 Train Station_27,Useful_Expressions
でんしゃがまいります。,,A train is arriving.,,Genki 1::L10::02 Train Station_28,Useful_Expressions
つぎは〜にとまります。,,Next (we'll stop at) ...,,Genki 1::L10::02 Train Station_29,Useful_Expressions
ドアがしまります。ごちゅういください。,,The doors are closing. Please be careful.,,Genki 1::L10::02 Train Station_30,Useful_Expressions
このでんしゃはあきはばらにとまりますか。,,Does this train stop at Akihabara?,,Genki 1::L10::02 Train Station_31,Useful_Expressions
しゅうでんはなんじですか。,,What time is the last train?,,Genki 1::L10::02 Train Station_32,Useful_Expressions
とうきょうまでのしていせきをいちまいおねがいします。,,"One reserved ticket to Tokyo, please.",,Genki 1::L10::02 Train Station_33,Useful_Expressions
がくわりがつかえますか。,,Can I get a student discount?,,Genki 1::L10::02 Train Station_34,Useful_Expressions
かまくらいきのでんしゃはどれですか。,,Which one is the train bound for Kamakura?,,Genki 1::L10::02 Train Station_35,Useful_Expressions
がいこく,外国,foreign country,Outside - Country,Genki 1::L11::01 Vocabulary_0,Nouns
オーストラリア,,Australia,,Genki 1::L11::01 Vocabulary_1,Nouns
かわ,川,river,River,Genki 1::L11::01 Vocabulary_2,Nouns
おんせん,温泉,spa; hot spring,Warm - Spring,Genki 1::L11::01 Vocabulary_3,Nouns
つり,,fishing,,Genki 1::L11::01 Vocabulary_4,Nouns
みずうみ,湖,lake,Lake,Genki 1::L11::01 Vocabulary_5,Nouns
やま,山,mountain,Mountain,Genki 1::L11::01 Vocabulary_6,Nouns
キャンプ,,camp,,Genki 1::L11::01 Vocabulary_7,Nouns
ドライブ,,drive,,Genki 1::L11::01 Vocabulary_8,Nouns
じんじゃ,神社,shrine,God - Company,Genki 1::L11::01 Vocabulary_9,Nouns
びじゅつかん,美術館,art museum,Beauty - Art - Public Building,Genki 1::L11::01 Vocabulary_10,Nouns
しゃちょう,社長,president of a company,Company - Long,Genki 1::L11::01 Vocabulary_11,Nouns
かしゅ,歌手,singer,Song - Hand,Genki 1::L11::01 Vocabulary_12,Nouns
ルームメイト,,roommate,,Genki 1::L11::01 Vocabulary_13,Nouns
ホストファミリー,,host family,,Genki 1::L11::01 Vocabulary_14,Nouns
しょうらい,将来,future,Commander - Come,Genki 1::L11::01 Vocabulary_15,Nouns
ゆめ,夢,dream,Dream,Genki 1::L11::01 Vocabulary_16,Nouns
おまつり,お祭り,festival,お - Festival - り,Genki 1::L11::01 Vocabulary_17,Nouns
おしょうがつ,お正月,New Year's,お - Correct - Moon,Genki 1::L11::01 Vocabulary_18,Nouns
おかし,お菓子,snack; sweets,お - Cake - Child,Genki 1::L11::01 Vocabulary_19,Nouns
ビール,,beer,,Genki 1::L11::01 Vocabulary_20,Nouns
おもちゃ,,toy,,Genki 1::L11::01 Vocabulary_21,Nouns
こんがっき,今学期,this semester,Now - Study - Period Of Time,Genki 1::L11::01 Vocabulary_22,Nouns
らいがっき,来学期,next semester,Come - Study - Period Of Time,Genki 1::L11::01 Vocabulary_23,Nouns
じゅぎょう,授業,class,Instruct - Business,Genki 1::L11::01 Vocabulary_24,Nouns
こちら,,this person (polite),,Genki 1::L11::01 Vocabulary_25,Nouns
うそをつく,,to tell a lie,,Genki 1::L11::01 Vocabulary_26,U-verbs
おなかがすく,,to become hungry,,Genki 1::L11::01 Vocabulary_27,U-verbs
かう,飼う,to own (a pet) (〜を),Domesticate - う,Genki 1::L11::01 Vocabulary_28,U-verbs
サボる,,to cut (classes) (〜を),,Genki 1::L11::01 Vocabulary_29,U-verbs
とる,取る,to take (a class); to get (a grade) (〜を),Take - る,Genki 1::L11::01 Vocabulary_30,U-verbs
ならう,習う,to learn (〜を),Learn - う,Genki 1::L11::01 Vocabulary_31,U-verbs
のぼる,登る,to climb (<i>place</i>&nbsp;に),Climb - る,Genki 1::L11::01 Vocabulary_32,U-verbs
はしる,走る,to run,Run - る,Genki 1::L11::01 Vocabulary_33,U-verbs
つかれる,疲れる,to get tired,Exhausted - れる,Genki 1::L11::01 Vocabulary_34,Ru-verbs
やめる,,to quit (〜を),,Genki 1::L11::01 Vocabulary_35,Ru-verbs
けんかする,,to have a fight; to quarrel,,Genki 1::L11::01 Vocabulary_36,Irregular_Verbs
しょうかいする,紹介する,to introduce (<i>person </i>に <i>person </i>を),Introduce - Jammed In - する,Genki 1::L11::01 Vocabulary_37,Irregular_Verbs
ダイエットする,,to go on a diet,,Genki 1::L11::01 Vocabulary_38,Irregular_Verbs
ちこくする,遅刻する,to be late (for an appointment) (〜に),Slow - Carve - する,Genki 1::L11::01 Vocabulary_39,Irregular_Verbs
りゅうがくする,留学する,to study abroad (<i>place</i>&nbsp;に),Detain - Study - する,Genki 1::L11::01 Vocabulary_40,Irregular_Verbs
しゅっしん,出身,coming from (<i>place</i>&nbsp;の),Exit - Somebody,Genki 1::L11::01 Vocabulary_41,Adverbs_and_Other_Expressions
ひさしぶり,久しぶり,it has been a long time,Long Time - しぶり,Genki 1::L11::01 Vocabulary_42,Adverbs_and_Other_Expressions
まあまあ,,okay; so-so,,Genki 1::L11::01 Vocabulary_43,Adverbs_and_Other_Expressions
もっと,,more,,Genki 1::L11::01 Vocabulary_44,Adverbs_and_Other_Expressions
あと,後,after (an event) (<i>event</i>&nbsp;の),Behind,Genki 1::L11::01 Vocabulary_45,Adverbs_and_Other_Expressions
そして,,and then,,Genki 1::L11::01 Vocabulary_46,Adverbs_and_Other_Expressions
〜だけ,,just ...; only ...,,Genki 1::L11::01 Vocabulary_47,Adverbs_and_Other_Expressions
〜てん,〜点,... points,〜 - Point,Genki 1::L11::01 Vocabulary_48,Adverbs_and_Other_Expressions
しょくぎょう,職業,Occupations,Employment - Business,Genki 1::L11::02 Additional Vocabulary_0,Occupations
さっか,作家,writer,Make - House,Genki 1::L11::02 Additional Vocabulary_1,Occupations
ジャーナリスト,,journalist,,Genki 1::L11::02 Additional Vocabulary_2,Occupations
けいさつかん,警察官,police officer,Warn - Guess - Government,Genki 1::L11::02 Additional Vocabulary_3,Occupations
しょうぼうし,消防士,firefighter,Extinguish - Prevent - Samurai,Genki 1::L11::02 Additional Vocabulary_4,Occupations
きょうし,教師,schoolteacher,Teach - Teacher,Genki 1::L11::02 Additional Vocabulary_5,Occupations
けんきゅうしゃ,研究者,researcher,Sharpen - Research - Someone,Genki 1::L11::02 Additional Vocabulary_6,Occupations
うちゅうひこうし,宇宙飛行士,astronaut,Outer Space - Midair - Fly - Go - Samurai,Genki 1::L11::02 Additional Vocabulary_7,Occupations
スポーツせんしゅ,スポーツ選手,athlete,スポーツ - Choose - Hand,Genki 1::L11::02 Additional Vocabulary_8,Occupations
だいとうりょう,大統領,president of a country,Big - Unite - Territory,Genki 1::L11::02 Additional Vocabulary_9,Occupations
はいゆう,俳優,actor; actress,Haiku - Superior,Genki 1::L11::02 Additional Vocabulary_10,Occupations
かんごし,看護師,nurse,Watch Over - Defend - Teacher,Genki 1::L11::02 Additional Vocabulary_11,Occupations
シェフ,,chef,,Genki 1::L11::02 Additional Vocabulary_12,Occupations
まんがか,漫画家,cartoonist,Manga - Drawing - House,Genki 1::L11::02 Additional Vocabulary_13,Occupations
どちらでもいいです。,,Both are fine.,,Genki 1::L11::03 Japanese Class_0,Useful_Expressions
おなじです。,,Same thing.,,Genki 1::L11::03 Japanese Class_1,Useful_Expressions
だいたいおなじです。,,More or less the same.,,Genki 1::L11::03 Japanese Class_2,Useful_Expressions
ちょっとちがいます。,,A little different.,,Genki 1::L11::03 Japanese Class_3,Useful_Expressions
つかえません。,,Can't use it.,,Genki 1::L11::03 Japanese Class_4,Useful_Expressions
だめです。,,No good.,,Genki 1::L11::03 Japanese Class_5,Useful_Expressions
てをあげてください。,,Raise your hand.,,Genki 1::L11::03 Japanese Class_6,Useful_Expressions
よんできてください。,,Read it before coming to class.,,Genki 1::L11::03 Japanese Class_7,Useful_Expressions
しゅくだいをだしてください。,,Hand in the homework.,,Genki 1::L11::03 Japanese Class_8,Useful_Expressions
１０ページをひらいてください。,,Open the book to page 10.,,Genki 1::L11::03 Japanese Class_9,Useful_Expressions
きょうかしょをとじてください。,,Close the textbook.,,Genki 1::L11::03 Japanese Class_10,Useful_Expressions
となりのひとにきいてください。,,Ask the person sitting next to you.,,Genki 1::L11::03 Japanese Class_11,Useful_Expressions
やめてください。,,Please stop.,,Genki 1::L11::03 Japanese Class_12,Useful_Expressions
きょうはこれでおわります。,,That's it for today.,,Genki 1::L11::03 Japanese Class_13,Useful_Expressions
しめきり,,deadline,,Genki 1::L11::03 Japanese Class_14,Useful_Expressions
れんしゅう,,exercise,,Genki 1::L11::03 Japanese Class_15,Useful_Expressions
いみ,,meaning,,Genki 1::L11::03 Japanese Class_16,Useful_Expressions
はつおん,,pronunciation,,Genki 1::L11::03 Japanese Class_17,Useful_Expressions
ぶんぽう,,grammar,,Genki 1::L11::03 Japanese Class_18,Useful_Expressions
しつもん,,question,,Genki 1::L11::03 Japanese Class_19,Useful_Expressions
こたえ,,answer,,Genki 1::L11::03 Japanese Class_20,Useful_Expressions
れい,,example,,Genki 1::L11::03 Japanese Class_21,Useful_Expressions
かっこ,,( ) (parentheses),,Genki 1::L11::03 Japanese Class_22,Useful_Expressions
まる,,○ (correct),,Genki 1::L11::03 Japanese Class_23,Useful_Expressions
ばつ,,☓ (wrong),,Genki 1::L11::03 Japanese Class_24,Useful_Expressions
くだけたいいかた,,colloquial expression,,Genki 1::L11::03 Japanese Class_25,Useful_Expressions
かたいいいかた,,bookish expression,,Genki 1::L11::03 Japanese Class_26,Useful_Expressions
ていねいないいかた,,polite expression,,Genki 1::L11::03 Japanese Class_27,Useful_Expressions
ほうげん,,dialect,,Genki 1::L11::03 Japanese Class_28,Useful_Expressions
きょうつうご,,common language,,Genki 1::L11::03 Japanese Class_29,Useful_Expressions
たとえば,,for example,,Genki 1::L11::03 Japanese Class_30,Useful_Expressions
ほかに,,anything else,,Genki 1::L11::03 Japanese Class_31,Useful_Expressions
〜ばん,,number ...,,Genki 1::L11::03 Japanese Class_32,Useful_Expressions
〜ぎょうめ,,line number ...,,Genki 1::L11::03 Japanese Class_33,Useful_Expressions
ふたりずつ,,two people each,,Genki 1::L11::03 Japanese Class_34,Useful_Expressions
おなか,,stomach,,Genki 1::L12::01 Vocabulary_0,Nouns
あし,足,leg; foot,Foot,Genki 1::L12::01 Vocabulary_1,Nouns
のど,,throat,,Genki 1::L12::01 Vocabulary_2,Nouns
は,歯,tooth,Tooth,Genki 1::L12::01 Vocabulary_3,Nouns
インフルエンザ,,influenza,,Genki 1::L12::01 Vocabulary_4,Nouns
かぜ,風邪,cold,Wind - Wicked,Genki 1::L12::01 Vocabulary_5,Nouns
せき,,cough,,Genki 1::L12::01 Vocabulary_6,Nouns
ふつかよい,二日酔い,hangover,Two - Sun - Drunk - い,Genki 1::L12::01 Vocabulary_7,Nouns
ホームシック,,homesickness,,Genki 1::L12::01 Vocabulary_8,Nouns
アレルギー,,allergy,,Genki 1::L12::01 Vocabulary_9,Nouns
ジュース,,juice,,Genki 1::L12::01 Vocabulary_10,Nouns
たまご,卵,egg,Egg,Genki 1::L12::01 Vocabulary_11,Nouns
ふく,服,clothes,Clothes,Genki 1::L12::01 Vocabulary_12,Nouns
もの,物,thing (concrete object),Thing,Genki 1::L12::01 Vocabulary_13,Nouns
プレゼント,,present,,Genki 1::L12::01 Vocabulary_14,Nouns
きっぷ,切符,train ticket,Cut - Token,Genki 1::L12::01 Vocabulary_15,Nouns
〜だい,〜代,charge; fee,〜 - Substitute,Genki 1::L12::01 Vocabulary_16,Nouns
ようじ,用事,business to take care of,Task - Action,Genki 1::L12::01 Vocabulary_17,Nouns
おてあらい,お手洗い,restroom,お - Hand - Wash - い,Genki 1::L12::01 Vocabulary_18,Nouns
しあい,試合,match; game,Try - Suit,Genki 1::L12::01 Vocabulary_19,Nouns
せいじ,政治,politics,Politics - Cure,Genki 1::L12::01 Vocabulary_20,Nouns
せいせき,成績,"grade (on a test, etc.)",Become - Exploits,Genki 1::L12::01 Vocabulary_21,Nouns
かのじょ,彼女,she; girlfriend,He - Woman,Genki 1::L12::01 Vocabulary_22,Nouns
かれ,彼,he; boyfriend,He,Genki 1::L12::01 Vocabulary_23,Nouns
かれし,彼氏,boyfriend,He - Family Name,Genki 1::L12::01 Vocabulary_24,Nouns
いみ,意味,meaning,Idea - Flavor,Genki 1::L12::01 Vocabulary_25,Nouns
せまい,狭い,narrow; not spacious,Narrow - い,Genki 1::L12::01 Vocabulary_26,い-adjectives
ひろい,広い,wide; spacious,Wide - い,Genki 1::L12::01 Vocabulary_27,い-adjectives
わるい,悪い,bad,Bad - い,Genki 1::L12::01 Vocabulary_28,い-adjectives
いたい,痛い,hurt; painful,Pain - い,Genki 1::L12::01 Vocabulary_29,い-adjectives
あまい,甘い,sweet,Sweet - い,Genki 1::L12::01 Vocabulary_30,い-adjectives
おおい,多い,there are many ...,Many - い,Genki 1::L12::01 Vocabulary_31,い-adjectives
すてき（な）,素敵,nice,Element - Enemy,Genki 1::L12::01 Vocabulary_32,な-adjectives
あるく,歩く,to walk,Walk - く,Genki 1::L12::01 Vocabulary_33,U-verbs
かぜをひく,風邪をひく,to catch a cold,Wind - Wicked - をひく,Genki 1::L12::01 Vocabulary_34,U-verbs
ねつがある,熱がある,to have a fever,Heat - がある,Genki 1::L12::01 Vocabulary_35,U-verbs
のどがかわく,喉が渇く,to become thirsty,喉が - Thirst - く,Genki 1::L12::01 Vocabulary_36,U-verbs
はらう,払う,to pay (〜を),Pay - う,Genki 1::L12::01 Vocabulary_37,U-verbs
なくす,,to lose (〜を),,Genki 1::L12::01 Vocabulary_38,U-verbs
きょうみがある,興味がある,to be interested (in ...) (<i>topic </i>に),Interest - Flavor - がある,Genki 1::L12::01 Vocabulary_39,U-verbs
せきがでる,せきが出る,to cough,せきが - Exit - る,Genki 1::L12::01 Vocabulary_40,Ru-verbs
わかれる,別れる,to break up; to separate (<i>person</i>&nbsp;と),Separate - れる,Genki 1::L12::01 Vocabulary_41,Ru-verbs
きんちょうする,緊張する,to get nervous,Tense - Stretch - する,Genki 1::L12::01 Vocabulary_42,Irregular_Verbs
しんぱいする,心配する,to worry,Heart - Distribute - する,Genki 1::L12::01 Vocabulary_43,Irregular_Verbs
おだいじに,お大事に,Get well soon.,お - Big - Action - に,Genki 1::L12::01 Vocabulary_44,Adverbs_and_Other_Expressions
げんきがない,元気がない,don't look well,Origin - Energy - がない,Genki 1::L12::01 Vocabulary_45,Adverbs_and_Other_Expressions
できるだけ,,as much as possible,,Genki 1::L12::01 Vocabulary_46,Adverbs_and_Other_Expressions
たぶん,多分,probably; maybe,Many - Part,Genki 1::L12::01 Vocabulary_47,Adverbs_and_Other_Expressions
もうすぐ,,very soon; in a few moments/days,,Genki 1::L12::01 Vocabulary_48,Adverbs_and_Other_Expressions
はじめて,初めて,for the first time,First - めて,Genki 1::L12::01 Vocabulary_49,Adverbs_and_Other_Expressions
にさんにち,二三日,for two to three days,Two - Three - Sun,Genki 1::L12::01 Vocabulary_50,Adverbs_and_Other_Expressions
それに,,"moreover, ...",,Genki 1::L12::01 Vocabulary_51,Adverbs_and_Other_Expressions
おなじ,同じ,same,Same - じ,Genki 1::L12::01 Vocabulary_52,Adverbs_and_Other_Expressions
げりです。,,I have diarrhea.,,Genki 1::L12::02 Health And Illness_0,Useful_Expressions
べんぴです。,,I am constipated.,,Genki 1::L12::02 Health And Illness_1,Useful_Expressions
せいりです。,,I have my period.,,Genki 1::L12::02 Health And Illness_2,Useful_Expressions
かふんしょうです。,,I have hay fever.,,Genki 1::L12::02 Health And Illness_3,Useful_Expressions
（〜に）アレルギーがあります。,,I have an allergy to ...,,Genki 1::L12::02 Health And Illness_4,Useful_Expressions
むしばがあります。,,I have a bad tooth.,,Genki 1::L12::02 Health And Illness_5,Useful_Expressions
くしゃみがでます。,,I sneeze.,,Genki 1::L12::02 Health And Illness_6,Useful_Expressions
はなみずがでます。,,I have a runny nose.,,Genki 1::L12::02 Health And Illness_7,Useful_Expressions
せなかがかゆいです。,,My back itches.,,Genki 1::L12::02 Health And Illness_8,Useful_Expressions
はっしんがあります。,,I have rashes.,,Genki 1::L12::02 Health And Illness_9,Useful_Expressions
めまいがします。,,I feel dizzy.,,Genki 1::L12::02 Health And Illness_10,Useful_Expressions
はきました。,,I threw up.,,Genki 1::L12::02 Health And Illness_11,Useful_Expressions
きぶんがわるいです。,,I am not feeling well.,,Genki 1::L12::02 Health And Illness_12,Useful_Expressions
やけどをしました。,,I burned myself.,,Genki 1::L12::02 Health And Illness_13,Useful_Expressions
あしをこっせつしました。,,I broke my leg.,,Genki 1::L12::02 Health And Illness_14,Useful_Expressions
けがをしました。,,I hurt myself.,,Genki 1::L12::02 Health And Illness_15,Useful_Expressions
ないか,,physician,,Genki 1::L12::02 Health And Illness_16,Useful_Expressions
ひふか,,dermatologist,,Genki 1::L12::02 Health And Illness_17,Useful_Expressions
げか,,surgeon,,Genki 1::L12::02 Health And Illness_18,Useful_Expressions
さんふじんか,,obsterician and gynecologist,,Genki 1::L12::02 Health And Illness_19,Useful_Expressions
せいけいげか,,orthopedic surgeon,,Genki 1::L12::02 Health And Illness_20,Useful_Expressions
がんか（めいしゃ）,,ophthalmologist,,Genki 1::L12::02 Health And Illness_21,Useful_Expressions
しか（はいしゃ）,,dentist,,Genki 1::L12::02 Health And Illness_22,Useful_Expressions
じびか,,otorhinolaryngologist; ENT doctor,,Genki 1::L12::02 Health And Illness_23,Useful_Expressions
こうせいぶっしつ,,antibiotic,,Genki 1::L12::02 Health And Illness_24,Useful_Expressions
レントゲン,,X-ray,,Genki 1::L12::02 Health And Illness_25,Useful_Expressions
しゅじゅつ,,operation,,Genki 1::L12::02 Health And Illness_26,Useful_Expressions
ちゅうしゃ,,injection,,Genki 1::L12::02 Health And Illness_27,Useful_Expressions
たいおんけい,,thermometer,,Genki 1::L12::02 Health And Illness_28,Useful_Expressions
てんてき,,intravenous feeding,,Genki 1::L12::02 Health And Illness_29,Useful_Expressions